{
  "phase_id": "real_ar1",
  "r2": 0.45277518304990216,
  "mae": 3.055028585586559,
  "rmse": 5.85394662702508,
  "mse": 34.26869111205831,
  "mape": 21.900795643898853,
  "smape": 18.63643054592888,
  "mdape": 18.042163322226948,
  "bias_mean_error": 2.8367232843509043,
  "msle": 0.047152204795883786,
  "theils_u": 0.39167610916894896,
  "mase_h1": 1.169902999609174,
  "mase_h4": 0.4966192428607879,
  "mase_h13": 0.0014341602314670895,
  "mase_h26": 2.1078390698268778e-07,
  "mase_h52": 4.363325118650795e-15,
  "tp": 8,
  "tn": 6,
  "fp": 2,
  "fn": 1,
  "sensitivity": NaN,
  "specificity": NaN,
  "ppv": NaN,
  "npv": NaN,
  "accuracy": 0.8235294117647058,
  "prevalence": 0.5294117647058824,
  "balanced_accuracy": 0.8194444444444444,
  "g_mean": 0.816496580927726,
  "f1": 0.8421052631578947,
  "f2_score": 0.8695652173913043,
  "f05_score": 0.8163265306122449,
  "alert_f1": 0.8421052631578947,
  "youden_j": 0.6388888888888888,
  "mcc": 0.6479515952918626,
  "dor": 24.0,
  "markedness": 0.657142857142857,
  "cohens_kappa": 0.6433566433566433,
  "lr_positive": 3.5555555555555554,
  "lr_negative": 0.14814814814814822,
  "direction_acc": 0.5625,
  "pi99_coverage": 1.0,
  "pi99_width": 44.74537113292551,
  "pi95_coverage": 1.0,
  "pi95_width": 44.74537113292551,
  "pi80_coverage": 0.8823529411764706,
  "pi80_width": 8.672049113625256,
  "pi50_coverage": 0.5294117647058824,
  "pi50_width": 3.9372507883736,
  "pi_sharpness_ratio": 5.654344284282278,
  "pi95_ci_lo": 0.8156818649911483,
  "pi95_ci_hi": 1.0,
  "pi95_relia": 0.050000000000000044,
  "pi80_relia": 0.08235294117647052,
  "sigma_in_sample": 5.444887412786057,
  "alert_threshold": 9.1,
  "wis": 2.6020305134091717,
  "log_wis": 0.1292787518785629,
  "wis_sharpness": 0.843725,
  "wis_underpred": 1.29824,
  "wis_overpred": 0.008128,
  "wis_total_decomp": 2.415748,
  "crps_gaussian": 2.6746972158767925,
  "pinball_q05": 1.095173223862325,
  "pinball_q95": 0.589678153919199,
  "brier_score": 0.09667038897236047,
  "brier_skill": 0.6119757998192754,
  "brier_reliability": 0.09205,
  "brier_resolution": 0.155017,
  "brier_uncertainty": 0.249135,
  "roc_auc": 0.8472222222222222,
  "auprc": 0.7944444444444445,
  "partial_auc_high_spec": NaN,
  "calibration_slope": 0.235432577317437,
  "calibration_intercept": -1.8200745320300988,
  "pit_mean": 0.3652997818226162,
  "pit_std": 0.1387055247163562,
  "pit_ks_p": 3.090016087195385e-10,
  "peak_week_err": 0,
  "peak_int_relerr": 0.7749074664286951,
  "epi_peak_mae": 9.640741545040232,
  "epi_season_total_mae": 48.22429583396533,
  "attack_rate_relerr": 0.22373414026892713,
  "growth_rate_corr": -0.02342142755946261,
  "lead_time_weeks": 0.0,
  "season_onset_err": 0.0,
  "epidemic_duration_err": 1,
  "pearson_r": 0.9287506135384271,
  "spearman_r": 0.965686274509804,
  "c_index": 0.9338235294117647,
  "cost_skill_3to1": 0.9019607843137255,
  "cost_skill_5to1": 0.9176470588235294,
  "cost_skill_10to1": 0.9294117647058824,
  "shapiro_wilk_p": 3.4652964708292514e-06,
  "jarque_bera_p": 6.5202725048889086e-21,
  "residual_skew": 3.193155038085875,
  "residual_kurtosis": 9.510568545356422,
  "residual_acf_lag1": 0.1375026394431535,
  "durbin_watson": 0.6634711800110875,
  "ljung_box_q": 1.0265292176998733,
  "ljung_box_p": 0.9603977517440498,
  "n_test": 17,
  "n_valid": 17,
  "dm_z_stat": NaN,
  "dm_p_value": NaN,
  "dm_z_vs_climatology": NaN,
  "dm_p_vs_climatology": NaN,
  "dm_z_vs_lag52": NaN,
  "dm_p_vs_lag52": NaN,
  "dm_p_value_bh": NaN,
  "dm_p_vs_climatology_bh": NaN,
  "dm_p_vs_lag52_bh": NaN,
  "skill_mae_vs_persist": NaN,
  "skill_wis_vs_persist": NaN,
  "skill_crps_vs_persist": NaN,
  "skill_mae_vs_snaive": NaN,
  "relative_wis_pairwise": NaN,
  "rank_wis": NaN,
  "mae_ci95_lo": NaN,
  "mae_ci95_hi": NaN,
  "wis_ci95_lo": NaN,
  "wis_ci95_hi": NaN,
  "pi50_rel_width": 0.3105334330702932,
  "pi80_rel_width": 0.6839699393699664,
  "pi95_rel_width": 3.529095416767057,
  "rank_log_wis": NaN,
  "rank_mae": NaN,
  "rank_r2": NaN,
  "mae_ci95_lo_bs": NaN,
  "mae_ci95_hi_bs": NaN,
  "name": "ar1",
  "predictions": [
    51.24411413789133,
    28.293167413955484,
    23.584943083273885,
    21.110673421490752,
    21.76785283553579,
    20.784347944393318,
    17.846232220394043,
    13.542463310176965,
    11.574766683844445,
    8.376588660863328,
    9.551023388120838,
    8.511482537043943,
    6.924736228409762,
    5.350817275541923,
    5.581708008522446,
    5.183447424811997,
    4.538788402552273
  ],
  "direction_accuracy": 0.5625,
  "sigma_used": 5.444887412786057,
  "pinball_q50": 1.5275142927932794,
  "peak_week": {
    "abs_weeks": 0.0,
    "hit": 1.0,
    "peak_actual": 0.0,
    "peak_pred": 0.0
  },
  "peak_intensity": {
    "abs_err": 22.372685566462756,
    "rel_err": 0.7749074664286951,
    "peak_actual_value": 28.871428571428574,
    "peak_pred_value": 51.24411413789133,
    "log_ratio": 0.5737482899790134
  },
  "alert_n_actual_pos": 9,
  "alert_n_predicted_pos": 10,
  "clinical_f1": NaN,
  "dm_stat": -1.0403263576292723,
  "dm_pval": 0.3136544662624965,
  "mcnemar_stat": 0.0,
  "mcnemar_pval": 1.0,
  "mae_ci95": [
    1.6329388106126244,
    7.657371254384341
  ],
  "phase_eval_r8": {
    "phase_id": "phase10_real_ar1",
    "r2": 0.45277518304990216,
    "mae": 3.055028585586559,
    "rmse": 5.85394662702508,
    "mse": 34.26869111205831,
    "mape": 21.900795643898853,
    "smape": 18.63643054592888,
    "mdape": 18.042163322226948,
    "bias_mean_error": 2.8367232843509043,
    "msle": 0.047152204795883786,
    "theils_u": 0.39167610916894896,
    "mase_h1": 1.169902999609174,
    "mase_h4": 0.4966192428607879,
    "mase_h13": 0.0014341602314670895,
    "mase_h26": 2.1078390698268778e-07,
    "mase_h52": 4.363325118650795e-15,
    "tp": 8,
    "tn": 6,
    "fp": 2,
    "fn": 1,
    "sensitivity": 0.8888888888888888,
    "specificity": 0.75,
    "ppv": 0.8,
    "npv": 0.8571428571428571,
    "accuracy": 0.8235294117647058,
    "prevalence": 0.5294117647058824,
    "balanced_accuracy": 0.8194444444444444,
    "g_mean": 0.816496580927726,
    "f1": 0.8421052631578947,
    "f2_score": 0.8695652173913043,
    "f05_score": 0.8163265306122449,
    "alert_f1": 0.8421052631578947,
    "youden_j": 0.6388888888888888,
    "mcc": 0.6479515952918626,
    "dor": 24.0,
    "markedness": 0.657142857142857,
    "cohens_kappa": 0.6433566433566433,
    "lr_positive": 3.5555555555555554,
    "lr_negative": 0.14814814814814822,
    "direction_acc": 0.5625,
    "pi99_coverage": 1.0,
    "pi99_width": 44.74537113292551,
    "pi95_coverage": 1.0,
    "pi95_width": 44.74537113292551,
    "pi80_coverage": 0.8823529411764706,
    "pi80_width": 8.672049113625256,
    "pi50_coverage": 0.5294117647058824,
    "pi50_width": 3.9372507883736,
    "pi_sharpness_ratio": 5.654344284282278,
    "pi95_ci_lo": 0.8156818649911483,
    "pi95_ci_hi": 1.0,
    "pi95_relia": 0.050000000000000044,
    "pi80_relia": 0.08235294117647052,
    "sigma_in_sample": 5.444887412786057,
    "alert_threshold": 9.1,
    "wis": 2.415747611612598,
    "log_wis": 0.1292787518785629,
    "wis_sharpness": 0.843725,
    "wis_underpred": 1.29824,
    "wis_overpred": 0.008128,
    "wis_total_decomp": 2.415748,
    "crps_gaussian": 1.9518928911131377,
    "pinball_q05": 0.9767981141055925,
    "pinball_q95": 1.260470442540684,
    "brier_score": 0.08008376470588234,
    "brier_skill": 0.6695358958694009,
    "brier_reliability": 0.050004,
    "brier_resolution": 0.219723,
    "brier_uncertainty": 0.249135,
    "roc_auc": 0.9583333333333333,
    "auprc": 0.9722222222222223,
    "partial_auc_high_spec": 0.0,
    "calibration_slope": 0.69192167920942,
    "calibration_intercept": 0.38070993716316387,
    "pit_mean": 0.4692647058823529,
    "pit_std": 0.2879098162337245,
    "pit_ks_p": 0.9991014433606655,
    "peak_week_err": 0,
    "peak_int_relerr": 0.7749074664286951,
    "epi_peak_mae": 9.640741545040232,
    "epi_season_total_mae": 48.22429583396533,
    "attack_rate_relerr": 0.22373414026892713,