{
  "phase_id": "real_hhh4_equivalent",
  "r2": 0.4289491093688378,
  "mae": 2.709987723191012,
  "rmse": 5.980028761083111,
  "mse": 35.760743983381204,
  "mape": 17.580613728267622,
  "smape": 15.58248577363272,
  "mdape": 12.121319487374418,
  "bias_mean_error": 2.067018998554221,
  "msle": 0.03761303790693437,
  "theils_u": 0.400112017941261,
  "mase_h1": 1.0377718824704505,
  "mase_h4": 0.44053010096295186,
  "mase_h13": 0.0012721833892818982,
  "mase_h26": 1.86977563111622e-07,
  "mase_h52": 3.870522704639221e-15,
  "tp": 8,
  "tn": 6,
  "fp": 2,
  "fn": 1,
  "sensitivity": NaN,
  "specificity": NaN,
  "ppv": NaN,
  "npv": NaN,
  "accuracy": 0.8235294117647058,
  "prevalence": 0.5294117647058824,
  "balanced_accuracy": 0.8194444444444444,
  "g_mean": 0.816496580927726,
  "f1": 0.8421052631578947,
  "f2_score": 0.8695652173913043,
  "f05_score": 0.8163265306122449,
  "alert_f1": 0.8888888888888888,
  "youden_j": 0.6388888888888888,
  "mcc": 0.6479515952918626,
  "dor": 24.0,
  "markedness": 0.657142857142857,
  "cohens_kappa": 0.6433566433566433,
  "lr_positive": 3.5555555555555554,
  "lr_negative": 0.14814814814814822,
  "direction_acc": 0.5625,
  "pi99_coverage": 1.0,
  "pi99_width": 47.258659621098815,
  "pi95_coverage": 1.0,
  "pi95_width": 47.258659621098815,
  "pi80_coverage": 0.8823529411764706,
  "pi80_width": 5.807843651521971,
  "pi50_coverage": 0.5294117647058824,
  "pi50_width": 2.414461277883756,
  "pi_sharpness_ratio": 5.971941346012717,
  "pi95_ci_lo": 0.8156818649911483,
  "pi95_ci_hi": 1.0,
  "pi95_relia": 0.050000000000000044,
  "pi80_relia": 0.08235294117647052,
  "sigma_in_sample": 5.490742617084021,
  "alert_threshold": 9.1,
  "wis": 2.551328639180617,
  "log_wis": 0.11438925936882928,
  "wis_sharpness": 0.726928,
  "wis_underpred": 1.217003,
  "wis_overpred": 0.072679,
  "wis_total_decomp": 2.252262,
  "crps_gaussian": 2.6228588364140744,
  "pinball_q05": 1.2069131130007553,
  "pinball_q95": 0.5549645301828723,
  "brier_score": 0.08556937217509082,
  "brier_skill": 0.6565340477972049,
  "brier_reliability": 0.045023,
  "brier_resolution": 0.167436,
  "brier_uncertainty": 0.249135,
  "roc_auc": 0.9722222222222222,
  "auprc": 0.9797979797979798,
  "partial_auc_high_spec": 0.0,
  "calibration_slope": 0.4588994438838198,
  "calibration_intercept": -1.8628410027142825,
  "pit_mean": 0.4235900037723882,
  "pit_std": 0.15171323674808007,
  "pit_ks_p": 0.0021189073660372593,
  "peak_week_err": 0,
  "peak_int_relerr": 0.8184329969017607,
  "epi_peak_mae": 9.09556878430106,
  "epi_season_total_mae": 35.13932297542175,
  "attack_rate_relerr": 0.16302708167282093,
  "growth_rate_corr": -0.02606789155357502,
  "lead_time_weeks": 0.0,
  "season_onset_err": 0.0,
  "epidemic_duration_err": 1,
  "pearson_r": 0.9151798062990538,
  "spearman_r": 0.9583333333333335,
  "c_index": 0.9264705882352942,
  "cost_skill_3to1": 0.9019607843137255,
  "cost_skill_5to1": 0.9176470588235294,
  "cost_skill_10to1": 0.9294117647058824,
  "shapiro_wilk_p": 2.3338452515192426e-06,
  "jarque_bera_p": 2.775059446314023e-22,
  "residual_skew": 3.269822764607392,
  "residual_kurtosis": 9.868247392146765,
  "residual_acf_lag1": 0.10292941954790959,
  "durbin_watson": 0.8121846805812143,
  "ljung_box_q": 0.9642781273488822,
  "ljung_box_p": 0.965395224261249,
  "n_test": 17,
  "n_valid": 17,
  "dm_z_stat": NaN,
  "dm_p_value": NaN,
  "dm_z_vs_climatology": NaN,
  "dm_p_vs_climatology": NaN,
  "dm_z_vs_lag52": NaN,
  "dm_p_vs_lag52": NaN,
  "dm_p_value_bh": NaN,
  "dm_p_vs_climatology_bh": NaN,
  "dm_p_vs_lag52_bh": NaN,
  "skill_mae_vs_persist": NaN,
  "skill_wis_vs_persist": NaN,
  "skill_crps_vs_persist": NaN,
  "skill_mae_vs_snaive": NaN,
  "relative_wis_pairwise": NaN,
  "rank_wis": NaN,
  "mae_ci95_lo": NaN,
  "mae_ci95_hi": NaN,
  "wis_ci95_lo": NaN,
  "wis_ci95_hi": NaN,
  "pi50_rel_width": 0.19043007162524322,
  "pi80_rel_width": 0.4580682625471331,
  "pi95_rel_width": 3.727320052300344,
  "rank_log_wis": NaN,
  "rank_mae": NaN,
  "rank_r2": NaN,
  "mae_ci95_lo_bs": NaN,
  "mae_ci95_hi_bs": NaN,
  "name": "hhh4_equivalent",
  "predictions": [
    52.50075838197798,
    26.86106468290384,
    22.12488328802136,
    19.8241665103113,
    20.922308348488105,
    20.192548155982372,
    17.22179846002984,
    12.734458408812934,
    10.768645339316551,
    7.531840962524975,
    8.776146612648883,
    7.713223527961364,
    6.107230638941878,
    4.566801966472521,
    4.7544495137569625,
    4.34935012448052,
    3.732505195647517
  ],
  "direction_accuracy": 0.5625,
  "sigma_used": 5.490742617084021,
  "pinball_q50": 1.354993861595506,
  "peak_week": {
    "abs_weeks": 0.0,
    "hit": 1.0,
    "peak_actual": 0.0,
    "peak_pred": 0.0
  },
  "peak_intensity": {
    "abs_err": 23.629329810549407,
    "rel_err": 0.8184329969017607,
    "peak_actual_value": 28.871428571428574,
    "peak_pred_value": 52.50075838197798,
    "log_ratio": 0.5979751395099919
  },
  "alert_n_actual_pos": 9,
  "alert_n_predicted_pos": 9,
  "clinical_f1": NaN,
  "dm_stat": -2.1318389902826578,
  "dm_pval": 0.048868713442540956,
  "mcnemar_stat": 0.0,
  "mcnemar_pval": 1.0,
  "mae_ci95": [
    1.2171340581984624,
    8.233105541092993
  ],
  "phase_eval_r8": {
    "phase_id": "phase10_real_hhh4_equivalent",
    "r2": 0.4289491093688378,
    "mae": 2.709987723191012,
    "rmse": 5.980028761083111,
    "mse": 35.760743983381204,
    "mape": 17.580613728267622,
    "smape": 15.58248577363272,
    "mdape": 12.121319487374418,
    "bias_mean_error": 2.067018998554221,
    "msle": 0.03761303790693437,
    "theils_u": 0.400112017941261,
    "mase_h1": 1.0377718824704505,
    "mase_h4": 0.44053010096295186,
    "mase_h13": 0.0012721833892818982,
    "mase_h26": 1.86977563111622e-07,
    "mase_h52": 3.870522704639221e-15,
    "tp": 8,
    "tn": 7,
    "fp": 1,
    "fn": 1,
    "sensitivity": 0.8888888888888888,
    "specificity": 0.875,
    "ppv": 0.8888888888888888,
    "npv": 0.875,
    "accuracy": 0.8823529411764706,
    "prevalence": 0.5294117647058824,
    "balanced_accuracy": 0.8819444444444444,
    "g_mean": 0.8819171036881968,
    "f1": 0.8888888888888888,
    "f2_score": 0.8888888888888888,
    "f05_score": 0.8888888888888888,
    "alert_f1": 0.8888888888888888,
    "youden_j": 0.7638888888888888,
    "mcc": 0.7638888888888888,
    "dor": 56.0,
    "markedness": 0.7638888888888888,
    "cohens_kappa": 0.7638888888888888,
    "lr_positive": 7.111111111111111,
    "lr_negative": 0.12698412698412703,
    "direction_acc": 0.5625,
    "pi99_coverage": 1.0,
    "pi99_width": 47.258659621098815,
    "pi95_coverage": 1.0,
    "pi95_width": 47.258659621098815,
    "pi80_coverage": 0.8823529411764706,
    "pi80_width": 5.807843651521971,
    "pi50_coverage": 0.5294117647058824,
    "pi50_width": 2.414461277883756,
    "pi_sharpness_ratio": 5.971941346012717,
    "pi95_ci_lo": 0.8156818649911483,
    "pi95_ci_hi": 1.0,
    "pi95_relia": 0.050000000000000044,
    "pi80_relia": 0.08235294117647052,
    "sigma_in_sample": 5.490742617084021,
    "alert_threshold": 9.1,
    "wis": 2.252262164990228,
    "log_wis": 0.11438925936882928,
    "wis_sharpness": 0.726928,
    "wis_underpred": 1.217003,
    "wis_overpred": 0.072679,
    "wis_total_decomp": 2.252262,
    "crps_gaussian": 2.0850014955346423,
    "pinball_q05": 1.0781155405997591,
    "pinball_q95": 1.2848174404551826,
    "brier_score": 0.08050588235294116,
    "brier_skill": 0.6677940355736802,
    "brier_reliability": 0.050427,
    "brier_resolution": 0.219723,
    "brier_uncertainty": 0.249135,
    "roc_auc": 0.9583333333333333,
    "auprc": 0.9722222222222223,
    "partial_auc_high_spec": 0.0,
    "calibration_slope": 0.6945858223609004,
    "calibration_intercept": 0.4089012019724,
    "pit_mean": 0.46902941176470586,
    "pit_std": 0.2876196666856421,
    "pit_ks_p": 0.9991014433606655,
    "peak_week_err": 0,
    "peak_int_relerr": 0.8184329969017607,
    "epi_peak_mae": 9.09556878430106,
    "epi_season_total_mae": 35.13932297542175,