{
  "phase_id": "real_persistence",
  "r2": 0.39177799222674736,
  "mae": 3.1344537815126046,
  "rmse": 6.171588077615023,
  "mse": 38.0884993997599,
  "mape": 21.0881162766956,
  "smape": 18.159863433718577,
  "mdape": 16.549295774647895,
  "bias_mean_error": 2.825210084033613,
  "msle": 0.04498644692875175,
  "theils_u": 0.4129288768152223,
  "mase_h1": 1.2003183532974562,
  "mase_h4": 0.5095304414174748,
  "mase_h13": 0.0014714457933472727,
  "mase_h26": 2.1626390582431664e-07,
  "mase_h52": 4.47676364884096e-15,
  "tp": 8,
  "tn": 6,
  "fp": 2,
  "fn": 1,
  "sensitivity": NaN,
  "specificity": NaN,
  "ppv": NaN,
  "npv": NaN,
  "accuracy": 0.8235294117647058,
  "prevalence": 0.5294117647058824,
  "balanced_accuracy": 0.8194444444444444,
  "g_mean": 0.816496580927726,
  "f1": 0.8421052631578947,
  "f2_score": 0.8695652173913043,
  "f05_score": 0.8163265306122449,
  "alert_f1": 0.8421052631578947,
  "youden_j": 0.6388888888888888,
  "mcc": 0.6479515952918626,
  "dor": 24.0,
  "markedness": 0.657142857142857,
  "cohens_kappa": 0.6433566433566433,
  "lr_positive": 3.5555555555555554,
  "lr_negative": 0.14814814814814822,
  "direction_acc": 0.5625,
  "pi99_coverage": 1.0,
  "pi99_width": 47.37142857142857,
  "pi95_coverage": 1.0,
  "pi95_width": 47.37142857142857,
  "pi80_coverage": 0.8823529411764706,
  "pi80_width": 9.000000000000004,
  "pi50_coverage": 0.5294117647058824,
  "pi50_width": 3.2857142857142865,
  "pi_sharpness_ratio": 5.98619163500568,
  "pi95_ci_lo": 0.8156818649911483,
  "pi95_ci_hi": 1.0,
  "pi95_relia": 0.050000000000000044,
  "pi80_relia": 0.08235294117647052,
  "sigma_in_sample": 5.490742617084021,
  "alert_threshold": 9.1,
  "wis": 2.703144266779328,
  "log_wis": 0.1260399705921058,
  "wis_sharpness": 0.857342,
  "wis_underpred": 1.372379,
  "wis_overpred": 0.009792,
  "wis_total_decomp": 2.512073,
  "crps_gaussian": 2.774077690137387,
  "pinball_q05": 1.1723202925600136,
  "pinball_q95": 0.592874084456842,
  "brier_score": 0.09156932033601362,
  "brier_skill": 0.6324509225401675,
  "brier_reliability": 0.042292,
  "brier_resolution": 0.125606,
  "brier_uncertainty": 0.249135,
  "roc_auc": 0.9027777777777778,
  "auprc": 0.8734567901234568,
  "partial_auc_high_spec": NaN,
  "calibration_slope": 0.29387012237282095,
  "calibration_intercept": -1.958757712687906,
  "pit_mean": 0.37330369501983585,
  "pit_std": 0.14721139360014934,
  "pit_ks_p": 1.7131887398640863e-06,
  "peak_week_err": 0,
  "peak_int_relerr": 0.8203859475507174,
  "epi_peak_mae": 10.395238095238094,
  "epi_season_total_mae": 48.02857142857144,
  "attack_rate_relerr": 0.22282608695652176,
  "growth_rate_corr": -0.0421330628373453,
  "lead_time_weeks": 0.0,
  "season_onset_err": 0.0,
  "epidemic_duration_err": 1,
  "pearson_r": 0.9299765153653903,
  "spearman_r": 0.965686274509804,
  "c_index": 0.9338235294117647,
  "cost_skill_3to1": 0.9019607843137255,
  "cost_skill_5to1": 0.9176470588235294,
  "cost_skill_10to1": 0.9294117647058824,
  "shapiro_wilk_p": 4.180604968234589e-06,
  "jarque_bera_p": 2.7652267785506555e-20,
  "residual_skew": 3.161435457947232,
  "residual_kurtosis": 9.336903251551094,
  "residual_acf_lag1": 0.16648482123925287,
  "durbin_watson": 0.6443277361247512,
  "ljung_box_q": 0.9599240657292069,
  "ljung_box_p": 0.9657329752870932,
  "n_test": 17,
  "n_valid": 17,
  "dm_z_stat": NaN,
  "dm_p_value": NaN,
  "dm_z_vs_climatology": NaN,
  "dm_p_vs_climatology": NaN,
  "dm_z_vs_lag52": NaN,
  "dm_p_vs_lag52": NaN,
  "dm_p_value_bh": NaN,
  "dm_p_vs_climatology_bh": NaN,
  "dm_p_vs_lag52_bh": NaN,
  "skill_mae_vs_persist": NaN,
  "skill_wis_vs_persist": NaN,
  "skill_crps_vs_persist": NaN,
  "skill_mae_vs_snaive": NaN,
  "relative_wis_pairwise": NaN,
  "rank_wis": NaN,
  "mae_ci95_lo": NaN,
  "mae_ci95_hi": NaN,
  "wis_ci95_lo": NaN,
  "wis_ci95_hi": NaN,
  "pi50_rel_width": 0.2591463414634147,
  "pi80_rel_width": 0.7098356309650056,
  "pi95_rel_width": 3.736214209968186,
  "rank_log_wis": NaN,
  "rank_mae": NaN,
  "rank_r2": NaN,
  "mae_ci95_lo_bs": NaN,
  "mae_ci95_hi_bs": NaN,
  "name": "persistence",
  "predictions": [
    52.55714285714286,
    28.871428571428574,
    23.957142857142856,
    21.371428571428574,
    22.057142857142857,
    21.02857142857143,
    17.95714285714286,
    13.457142857142857,
    11.400000000000002,
    8.057142857142859,
    9.285714285714286,
    8.2,
    6.542857142857143,
    4.8999999999999995,
    5.142857142857143,
    4.728571428571429,
    4.057142857142857
  ],
  "direction_accuracy": 0.5625,
  "sigma_used": 5.490742617084021,
  "pinball_q50": 1.5672268907563023,
  "peak_week": {
    "abs_weeks": 0.0,
    "hit": 1.0,
    "peak_actual": 0.0,
    "peak_pred": 0.0
  },
  "peak_intensity": {
    "abs_err": 23.685714285714283,
    "rel_err": 0.8203859475507174,
    "peak_actual_value": 28.871428571428574,
    "peak_pred_value": 52.55714285714286,
    "log_ratio": 0.5990485377011536
  },
  "alert_n_actual_pos": 9,
  "alert_n_predicted_pos": 10,
  "clinical_f1": NaN,
  "mae_ci95": [
    1.6110987378517112,
    7.723050565937861
  ],
  "phase_eval_r8": {
    "phase_id": "phase10_real_persistence",
    "r2": 0.39177799222674736,
    "mae": 3.1344537815126046,
    "rmse": 6.171588077615023,
    "mse": 38.0884993997599,
    "mape": 21.0881162766956,
    "smape": 18.159863433718577,
    "mdape": 16.549295774647895,
    "bias_mean_error": 2.825210084033613,
    "msle": 0.04498644692875175,
    "theils_u": 0.4129288768152223,
    "mase_h1": 1.2003183532974562,
    "mase_h4": 0.5095304414174748,
    "mase_h13": 0.0014714457933472727,
    "mase_h26": 2.1626390582431664e-07,
    "mase_h52": 4.47676364884096e-15,
    "tp": 8,
    "tn": 6,
    "fp": 2,
    "fn": 1,
    "sensitivity": 0.8888888888888888,
    "specificity": 0.75,
    "ppv": 0.8,
    "npv": 0.8571428571428571,
    "accuracy": 0.8235294117647058,
    "prevalence": 0.5294117647058824,
    "balanced_accuracy": 0.8194444444444444,
    "g_mean": 0.816496580927726,
    "f1": 0.8421052631578947,
    "f2_score": 0.8695652173913043,
    "f05_score": 0.8163265306122449,
    "alert_f1": 0.8421052631578947,
    "youden_j": 0.6388888888888888,
    "mcc": 0.6479515952918626,
    "dor": 24.0,
    "markedness": 0.657142857142857,
    "cohens_kappa": 0.6433566433566433,
    "lr_positive": 3.5555555555555554,
    "lr_negative": 0.14814814814814822,
    "direction_acc": 0.5625,
    "pi99_coverage": 1.0,
    "pi99_width": 47.37142857142857,
    "pi95_coverage": 1.0,
    "pi95_width": 47.37142857142857,
    "pi80_coverage": 0.8823529411764706,
    "pi80_width": 9.000000000000004,
    "pi50_coverage": 0.5294117647058824,
    "pi50_width": 3.2857142857142865,
    "pi_sharpness_ratio": 5.98619163500568,
    "pi95_ci_lo": 0.8156818649911483,
    "pi95_ci_hi": 1.0,
    "pi95_relia": 0.050000000000000044,
    "pi80_relia": 0.08235294117647052,
    "sigma_in_sample": 5.490742617084021,
    "alert_threshold": 9.1,
    "wis": 2.5120730727073437,
    "log_wis": 0.1260399705921058,
    "wis_sharpness": 0.857342,
    "wis_underpred": 1.372379,
    "wis_overpred": 0.009792,
    "wis_total_decomp": 2.512073,
    "crps_gaussian": 2.116432417647059,
    "pinball_q05": 1.0430252100840336,
    "pinball_q95": 1.325546218487396,
    "brier_score": 0.08344276470588236,
    "brier_skill": 0.6556750474208868,
    "brier_reliability": 0.036527,
    "brier_resolution": 0.198715,
    "brier_uncertainty": 0.249135,
    "roc_auc": 0.9583333333333333,
    "auprc": 0.9722222222222223,
    "partial_auc_high_spec": 0.0,
    "calibration_slope": 0.5942647635787066,
    "calibration_intercept": 0.6258616175845433,
    "pit_mean": 0.4706176470588235,
    "pit_std": 0.28776335914263285,
    "pit_ks_p": 0.9991014433606655,
    "peak_week_err": 0,
    "peak_int_relerr": 0.8203859475507174,
    "epi_peak_mae": 10.395238095238094,
    "epi_season_total_mae": 48.02857142857144,
    "attack_rate_relerr": 0.22282608695652176,
    "growth_rate_corr": -0.0421330628373453,
    "lead_time_weeks": "0",