{
  "phase_id": "real_seasonal_naive",
  "r2": -0.34372433538955804,
  "mae": 7.536134453781512,
  "rmse": 9.17320200660716,
  "mse": 84.1476350540216,
  "mape": 68.62303967664828,
  "smape": 54.17531532187747,
  "mdape": 63.08758040573973,
  "bias_mean_error": 1.93109243697479,
  "msle": 0.32437614130802783,
  "theils_u": 0.6137609888654856,
  "mase_h1": 2.885912866587557,
  "mase_h4": 1.2250587127699504,
  "mase_h13": 0.0035377817358547836,
  "mase_h26": 5.199610475690272e-07,
  "mase_h52": 1.0763436032923788e-14,
  "tp": 9,
  "tn": 4,
  "fp": 4,
  "fn": 0,
  "sensitivity": NaN,
  "specificity": NaN,
  "ppv": NaN,
  "npv": NaN,
  "accuracy": 0.7647058823529411,
  "prevalence": 0.5294117647058824,
  "balanced_accuracy": 0.75,
  "g_mean": 0.7071067811865476,
  "f1": 0.8181818181818182,
  "f2_score": 0.9183673469387755,
  "f05_score": 0.7377049180327869,
  "alert_f1": 0.8571428571428571,
  "youden_j": 0.5,
  "mcc": 0.588348405414552,
  "dor": 36.0,
  "markedness": 0.6923076923076923,
  "cohens_kappa": 0.5142857142857141,
  "lr_positive": 2.0,
  "lr_negative": 0.0,
  "direction_acc": 0.625,
  "pi99_coverage": 1.0,
  "pi99_width": 36.42857142857143,
  "pi95_coverage": 1.0,
  "pi95_width": 36.42857142857143,
  "pi80_coverage": 0.8823529411764706,
  "pi80_width": 28.742857142857144,
  "pi50_coverage": 0.5294117647058824,
  "pi50_width": 12.142857142857142,
  "pi_sharpness_ratio": 4.6033741463403155,
  "pi95_ci_lo": 0.8156818649911483,
  "pi95_ci_hi": 1.0,
  "pi95_relia": 0.050000000000000044,
  "pi80_relia": 0.08235294117647052,
  "sigma_in_sample": 19.51723044496665,
  "alert_threshold": 9.1,
  "wis": 5.938489429983452,
  "log_wis": 0.3212948270490063,
  "wis_sharpness": 2.243913,
  "wis_underpred": 1.164341,
  "wis_overpred": 0.90369,
  "wis_total_decomp": 4.96726,
  "crps_gaussian": 6.209618728051702,
  "pinball_q05": 1.5087375822497675,
  "pinball_q95": 1.701846825947248,
  "brier_score": 0.20127884224218134,
  "brier_skill": 0.19208909155568887,
  "brier_reliability": 0.093435,
  "brier_resolution": 0.064821,
  "brier_uncertainty": 0.249135,
  "roc_auc": 0.7569444444444444,
  "auprc": 0.7823953823953824,
  "partial_auc_high_spec": 0.0,
  "calibration_slope": 0.7611586480953323,
  "calibration_intercept": -1.0874512035979387,
  "pit_mean": 0.460983257320026,
  "pit_std": 0.16807271343337504,
  "pit_ks_p": 0.0008458741643930789,
  "peak_week_err": 6,
  "peak_int_relerr": 0.036120732310737313,
  "epi_peak_mae": 13.280952380952384,
  "epi_season_total_mae": 32.828571428571394,
  "attack_rate_relerr": 0.1523064687168609,
  "growth_rate_corr": 0.043765615176001714,
  "lead_time_weeks": 0.0,
  "season_onset_err": 0.0,
  "epidemic_duration_err": 4,
  "pearson_r": 0.25062210106519967,
  "spearman_r": 0.5220588235294118,
  "c_index": 0.6911764705882353,
  "cost_skill_3to1": 0.9215686274509804,
  "cost_skill_5to1": 0.9529411764705882,
  "cost_skill_10to1": 0.9764705882352941,
  "shapiro_wilk_p": 0.2879840272517691,
  "jarque_bera_p": 0.5960199135789326,
  "residual_skew": -0.6009452152355975,
  "residual_kurtosis": -0.1287741534257636,
  "residual_acf_lag1": 0.7994656821102779,
  "durbin_watson": 0.18948090148538455,
  "ljung_box_q": 18.830867146207382,
  "ljung_box_p": 0.0020666463443626128,
  "n_test": 17,
  "n_valid": 17,
  "dm_z_stat": NaN,
  "dm_p_value": NaN,
  "dm_z_vs_climatology": NaN,
  "dm_p_vs_climatology": NaN,
  "dm_z_vs_lag52": NaN,
  "dm_p_vs_lag52": NaN,
  "dm_p_value_bh": NaN,
  "dm_p_vs_climatology_bh": NaN,
  "dm_p_vs_lag52_bh": NaN,
  "skill_mae_vs_persist": NaN,
  "skill_wis_vs_persist": NaN,
  "skill_crps_vs_persist": NaN,
  "skill_mae_vs_snaive": NaN,
  "relative_wis_pairwise": NaN,
  "rank_wis": NaN,
  "mae_ci95_lo": NaN,
  "mae_ci95_hi": NaN,
  "wis_ci95_lo": NaN,
  "wis_ci95_hi": NaN,
  "pi50_rel_width": 0.9577147401908801,
  "pi80_rel_width": 2.266967126193001,
  "pi95_rel_width": 2.8731442205726405,
  "rank_log_wis": NaN,
  "rank_mae": NaN,
  "rank_r2": NaN,
  "mae_ci95_lo_bs": NaN,
  "mae_ci95_hi_bs": NaN,
  "name": "seasonal_naive",
  "predictions": [
    10.657142857142857,
    10.12857142857143,
    13.571428571428571,
    15.985714285714286,
    19.300000000000004,
    21.814285714285713,
    27.82857142857143,
    26.900000000000002,
    21.37142857142857,
    16.314285714285713,
    14.799999999999999,
    12.242857142857142,
    9.0,
    7.814285714285715,
    7.742857142857143,
    6.442857142857143,
    6.457142857142857
  ],
  "direction_accuracy": 0.625,
  "sigma_used": 19.51723044496665,
  "pinball_q50": 3.768067226890756,
  "peak_week": {
    "abs_weeks": 6.0,
    "hit": 0.0,
    "peak_actual": 0.0,
    "peak_pred": 6.0
  },
  "peak_intensity": {
    "abs_err": 1.0428571428571445,
    "rel_err": 0.036120732310737313,
    "peak_actual_value": 28.871428571428574,
    "peak_pred_value": 27.82857142857143,
    "log_ratio": -0.03678923320114036
  },
  "alert_n_actual_pos": 9,
  "alert_n_predicted_pos": 12,
  "clinical_f1": NaN,
  "dm_stat": 1.7767464491988916,
  "dm_pval": 0.09462435408217962,
  "mcnemar_stat": 3.0,
  "mcnemar_pval": 1.0,
  "mae_ci95": [
    5.282871591211311,
    10.31873697876564
  ],
  "phase_eval_r8": {
    "phase_id": "phase10_real_seasonal_naive",
    "r2": -0.34372433538955804,
    "mae": 7.536134453781512,
    "rmse": 9.17320200660716,
    "mse": 84.1476350540216,
    "mape": 68.62303967664828,
    "smape": 54.17531532187747,
    "mdape": 63.08758040573973,
    "bias_mean_error": 1.93109243697479,
    "msle": 0.32437614130802783,
    "theils_u": 0.6137609888654856,
    "mase_h1": 2.885912866587557,
    "mase_h4": 1.2250587127699504,
    "mase_h13": 0.0035377817358547836,
    "mase_h26": 5.199610475690272e-07,
    "mase_h52": 1.0763436032923788e-14,
    "tp": 9,
    "tn": 5,
    "fp": 3,
    "fn": 0,
    "sensitivity": 1.0,
    "specificity": 0.625,
    "ppv": 0.75,
    "npv": 1.0,
    "accuracy": 0.8235294117647058,
    "prevalence": 0.5294117647058824,
    "balanced_accuracy": 0.8125,
    "g_mean": 0.7905694150420949,
    "f1": 0.8571428571428571,
    "f2_score": 0.9375,
    "f05_score": 0.7894736842105263,
    "alert_f1": 0.8571428571428571,
    "youden_j": 0.625,
    "mcc": 0.6846531968814576,
    "dor": 45.0,
    "markedness": 0.75,
    "cohens_kappa": 0.6382978723404253,
    "lr_positive": 2.6666666666666665,
    "lr_negative": 0.0,
    "direction_acc": 0.625,
    "pi99_coverage": 1.0,
    "pi99_width": 36.42857142857143,
    "pi95_coverage": 1.0,
    "pi95_width": 36.42857142857143,
    "pi80_coverage": 0.8823529411764706,
    "pi80_width": 28.742857142857144,
    "pi50_coverage": 0.5294117647058824,
    "pi50_width": 12.142857142857142,
    "pi_sharpness_ratio": 4.6033741463403155,
    "pi95_ci_lo": 0.8156818649911483,
    "pi95_ci_hi": 1.0,
    "pi95_relia": 0.050000000000000044,
    "pi80_relia": 0.08235294117647052,
    "sigma_in_sample": 19.51723044496665,
    "alert_threshold": 9.1,
    "wis": 4.967259773474607,
    "log_wis": 0.3212948270490063,
    "wis_sharpness": 2.243913,
    "wis_underpred": 1.164341,
    "wis_overpred": 0.90369,
    "wis_total_decomp": 4.96726,
    "crps_gaussian": 4.90215491092437,
    "pinball_q05": 0.8141596638655464,
    "pinball_q95": 1.0072689075630261,
    "brier_score": 0.17229782352941178,
    "brier_skill": 0.2890163679815506,
    "brier_reliability": 0.046513,
    "brier_resolution": 0.121684,
    "brier_uncertainty": 0.249135,
    "roc_auc": 0.8541666666666666,
    "auprc": 0.8650062900062899,
    "partial_auc_high_spec": 0.0,
    "calibration_slope": 0.7657133634670108,
    "calibration_intercept": -0.2450398429904074,
    "pit_mean": 0.4710294117647059,
    "pit_std": 0.28817317457860786,
    "pit_ks_p": 0.9999359469756149,
    "peak_week_err": 6,
    "peak_int_relerr": 0.036120732310737313,
    "epi_peak_mae": 13.280952380952384,
    "epi_season_total_mae": 32.828571428571394,
    "attack_rate_relerr": 0.1523064687168609,
    "growth_rate_corr": 0.043765615176001714,
    "lead_time_weeks": "0",
    "season_onset_err": "0",