{
  "model": "ARIMA",
  "best_config": {
    "transform": "identity",
    "scaler": "none",
    "n_features": null,
    "feature_indices": null,
    "preproc_optuna_params": null
  },
  "val_metrics": {
    "wis": NaN,
    "oof_wis": 1.998680739181261,
    "oof_wis_folds": null,
    "insample_residuals": null,
    "mae": NaN,
    "rmse": null
  },
  "test_metrics": {
    "phase_id": "r9_per_model",
    "r2": 0.9244953708310253,
    "mae": 4.250833568402838,
    "rmse": 7.141231495402756,
    "mse": 50.99718727093227,
    "mape": 19.307846788871235,
    "smape": 19.815231116981234,
    "mdape": 14.631841881071136,
    "bias_mean_error": -0.6572965253177416,
    "msle": 0.06694970577790985,
    "theils_u": 0.9300841446353663,
    "mase_h1": 2.365637429345513,
    "mase_h4": 0.9083814793202388,
    "mase_h13": 0.0025889810681782293,
    "mase_h26": 3.9370682567615254e-07,
    "mase_h52": 7.974628542371178e-15,
    "tp": 42,
    "tn": 19,
    "fp": 3,
    "fn": 4,
    "sensitivity": 1.0,
    "specificity": 0.8974358974358975,
    "ppv": 0.8787878787878788,
    "npv": 1.0,
    "accuracy": 0.8970588235294118,
    "prevalence": 0.6764705882352942,
    "balanced_accuracy": 0.8883399209486166,
    "g_mean": 0.8879963679019833,
    "f1": 0.9354838709677419,
    "f2_score": 0.9170305676855895,
    "f05_score": 0.9292035398230089,
    "alert_f1": 0.9230769230769231,
    "youden_j": 0.8974358974358974,
    "mcc": 0.8880629418322717,
    "dor": 66.5,
    "markedness": 0.7594202898550724,
    "cohens_kappa": 0.8818418766290183,
    "lr_positive": 9.750000000000004,
    "lr_negative": 0.0,
    "direction_acc": 0.6119402985074627,
    "pi99_coverage": 1.0,
    "pi99_width": 64.80807061586769,
    "pi95_coverage": 0.9852941176470589,
    "pi95_width": 37.50634465622548,
    "pi80_coverage": 0.9705882352941176,
    "pi80_width": 13.173326627597959,
    "pi50_coverage": 0.8970588235294118,
    "pi50_width": 5.154675746234027,
    "pi_sharpness_ratio": 1.4431730756087808,
    "pi95_ci_lo": 0.8989536863477694,
    "pi95_ci_hi": 0.9918968204568701,
    "pi95_relia": 0.020588235294117685,
    "pi80_relia": 0.0235294117647058,
    "sigma_in_sample": 14.996713975033593,
    "alert_threshold": 8.6,
    "wis": 4.411447895223204,
    "log_wis": 0.16067999828139734,
    "wis_sharpness": 3.19532,
    "wis_underpred": 0.255168,
    "wis_overpred": 0.591322,
    "wis_total_decomp": 4.411448,
    "crps_gaussian": 4.66845600568811,
    "pinball_q05": 1.2663445507124003,
    "pinball_q95": 1.3199033901599702,
    "brier_score": 0.06846039705882354,
    "brier_skill": 0.7043881852504159,
    "brier_reliability": 0.019343,
    "brier_resolution": 0.167183,
    "brier_uncertainty": 0.218858,
    "roc_auc": 0.9703557312252964,
    "auprc": 0.9884020905870643,
    "partial_auc_high_spec": 0.0,
    "calibration_slope": 1.590562710528171,
    "calibration_intercept": -0.27688666588025085,
    "pit_mean": 0.5103131327552451,
    "pit_std": 0.14573328570775837,
    "pit_ks_p": 2.6971096058156265e-05,
    "peak_week_err": 1.0,
    "peak_int_relerr": 0.07992568547687869,
    "epi_peak_mae": 16.840116331496215,
    "epi_season_total_mae": 44.69616372160658,
    "attack_rate_relerr": -0.023445498666230493,
    "growth_rate_corr": 0.4185573005072504,
    "lead_time_weeks": 0.0,
    "season_onset_err": 0.0,
    "epidemic_duration_err": 4.0,
    "pearson_r": 0.9634241521892414,
    "spearman_r": 0.9371391489829046,
    "c_index": 0.9042599912165129,
    "cost_skill_3to1": 0.8974358974358975,
    "cost_skill_5to1": 0.8974358974358975,
    "cost_skill_10to1": 0.8974358974358975,
    "shapiro_wilk_p": 9.704450881587394e-08,
    "jarque_bera_p": 1.1868709345524601e-34,
    "residual_skew": -1.4678236317997786,
    "residual_kurtosis": 6.820783338047317,
    "residual_acf_lag1": 0.22982784627346595,
    "durbin_watson": 1.5293479240382017,
    "ljung_box_q": 15.693722403936494,
    "ljung_box_p": 0.10874205355349138,
    "n_test": 68,
    "n_valid": 68,
    "dm_z_stat": -2.649638010416728,
    "dm_p_value": 0.010042379853544503,
    "dm_z_vs_climatology": NaN,
    "dm_p_vs_climatology": NaN,
    "dm_z_vs_lag52": NaN,
    "dm_p_vs_lag52": NaN,
    "dm_p_value_bh": NaN,
    "dm_p_vs_climatology_bh": NaN,
    "dm_p_vs_lag52_bh": NaN,
    "skill_mae_vs_persist": NaN,
    "skill_wis_vs_persist": NaN,
    "skill_crps_vs_persist": NaN,
    "skill_mae_vs_snaive": NaN,
    "relative_wis_pairwise": NaN,
    "rank_wis": NaN,
    "mae_ci95_lo": NaN,
    "mae_ci95_hi": NaN,
    "wis_ci95_lo": NaN,
    "wis_ci95_hi": NaN,
    "pi50_rel_width": 0.18386517907539296,
    "pi80_rel_width": 0.4698871817827773,
    "pi95_rel_width": 1.3378359990380695,
    "rank_log_wis": NaN,
    "rank_mae": NaN,
    "rank_r2": NaN,
    "mae_ci95_lo_bs": NaN,
    "mae_ci95_hi_bs": NaN,
    "net_benefit_default": 0.40126050420168063,
    "pit_nonrand_mean": 0.5103131327552451,
    "pit_nonrand_std": 0.1468168194793517,
    "pit_nonrand_ks_p": 2.6971096058156265e-05,
    "marginal_calib_max_diff": 0.21816714931418626,
    "marginal_calib_mean_diff": 0.031738006337410404,
    "picp95_low_tier": 1.0,
    "picp95_high_tier": 0.9705882352941176,
    "n": 68,
    "n_within_range": 61,
    "n_out_of_range": 7,
    "frac_out_of_range": 0.10294117647058823,
    "out_of_range_max_obs": 100.7,
    "within_range_r2": 0.911333198537921,
    "within_range_mae": 3.6143697092069274,
    "out_of_range_mae": 9.797161484252914,
    "within_range_wis": NaN,
    "predictions_uncapped": [
      4.6303681159395325,
      4.35655179139311,
      6.068568864810179,
      4.963198875687522,
      7.488840924864545,
      8.541908114772449,
      20.080799109820127,
      43.538821834923304,
      99.01005768198137,
      108.74851652752169,
      81.75317232811274,
      43.228702694760905,
      27.744133605508452,
      24.45445671165074,
      8.04397706232951,
      13.822791835666097,
      9.556779921754657,
      11.436105871048234,
      9.79760744653783,
      16.700973583684434,
      16.86295727173509,
      22.069104080996336,
      22.447118353650993,
      31.908265713737784,
      24.7796491796013,
      19.012059258168282,
      12.72425810658828,
      15.190919773744067,
      10.162654900953223,
      8.547662373978582,
      7.002434501248143,
      9.035035416413667,
      5.555077741095049,
      7.883166623259724,
      4.3580722435421535,
      7.3070641283243685,
      5.477449100831636,
      7.227492226373197,
      5.390217055389683,
      8.077337873117013,
      4.746494842714274,
      8.204489700447944,
      6.5203113689375245,
      8.944871310986567,
      6.285498446418718,
      8.846125556548385,
      8.381954583714862,
      11.076130469869334,
      17.124749370886125,
      15.95300813591014,
      4.791997692659923,
      22.036761240631325,
      30.68180030404942,
      73.00730781357315,
      76.58342305714598,
      85.96565625622466,
      75.9623809379301,
      61.33670652994684,
      49.05990968919319,
      44.49531358084969,
      41.36727024023567,
      43.42781794626838,
      56.102699103216665,
      57.56665212029845,
      61.30876225239404,
      53.81642424078588,
      67.39337818283826,
      55.7173267639164
    ],
    "was_capped": false,
    "phase_eval_r8": {
      "phase_id": "phase12_refit_ARIMA",
      "r2": 0.9244953708310253,
      "mae": 4.250833568402838,
      "rmse": 7.141231495402756,
      "mse": 50.99718727093227,
      "mape": 19.307846788871235,
      "smape": 19.815231116981234,
      "mdape": 14.631841881071136,
      "bias_mean_error": -0.6572965253177416,
      "msle": 0.06694970577790985,
      "theils_u": 0.18680605274280787,
      "mase_h1": 2.365637429345513,
      "mase_h4": 0.9083814793202388,
      "mase_h13": 0.0025889810681782293,
      "mase_h26": 3.9370682567615254e-07,
      "mase_h52": 7.974628542371178e-15,
      "tp": 42,
      "tn": 19,
      "fp": 3,
      "fn": 4,
      "sensitivity": 0.9130434782608695,
      "specificity": 0.8636363636363636,