{
  "model": "EpiEstim",
  "best_config": {
    "transform": "identity",
    "scaler": "none",
    "n_features": null,
    "feature_indices": null,
    "preproc_optuna_params": null
  },
  "val_metrics": {
    "wis": NaN,
    "oof_wis": 3.117251797726357,
    "oof_wis_folds": null,
    "insample_residuals": null,
    "mae": NaN,
    "rmse": null
  },
  "test_metrics": {
    "phase_id": "r9_per_model",
    "r2": 0.6903048075039915,
    "mae": 8.72648844537815,
    "rmse": 14.462839080907909,
    "mse": 209.1737142802371,
    "mape": 29.98783045514054,
    "smape": 29.402163514536607,
    "mdape": 22.46104324372977,
    "bias_mean_error": -1.40833718487395,
    "msle": 0.15039990630536365,
    "theils_u": 1.3192619048434728,
    "mase_h1": 4.856390484583034,
    "mase_h4": 1.864806127016159,
    "mase_h13": 0.005314890129948993,
    "mase_h26": 8.082363164409514e-07,
    "mase_h52": 1.6371025285125916e-14,
    "tp": 44,
    "tn": 20,
    "fp": 2,
    "fn": 2,
    "sensitivity": 0.896551724137931,
    "specificity": 0.8461538461538461,
    "ppv": 0.8125,
    "npv": 0.9166666666666666,
    "accuracy": 0.9411764705882353,
    "prevalence": 0.6764705882352942,
    "balanced_accuracy": 0.9328063241106719,
    "g_mean": 0.9325048082403138,
    "f1": 0.8524590163934426,
    "f2_score": 0.9565217391304348,
    "f05_score": 0.9565217391304348,
    "alert_f1": 0.9565217391304348,
    "youden_j": 0.7427055702917773,
    "mcc": 0.735904983679565,
    "dor": 220.0,
    "markedness": 0.8656126482213438,
    "cohens_kappa": 0.7329842931937173,
    "lr_positive": 5.827586206896552,
    "lr_negative": 0.12225705329153604,
    "direction_acc": 0.6716417910447762,
    "pi99_coverage": 1.0,
    "pi99_width": 106.43185714285715,
    "pi95_coverage": 0.9264705882352942,
    "pi95_width": 70.74671428571429,
    "pi80_coverage": 0.8529411764705882,
    "pi80_width": 27.9572857142857,
    "pi50_coverage": 0.75,
    "pi50_width": 9.78942857142857,
    "pi_sharpness_ratio": 2.7221995153287475,
    "pi95_ci_lo": 0.8781280481750362,
    "pi95_ci_hi": 0.9848833802919585,
    "pi95_relia": 0.005882352941176561,
    "pi80_relia": 0.0235294117647058,
    "sigma_in_sample": 14.996713975033593,
    "alert_threshold": 8.6,
    "wis": 7.1512837986421305,
    "log_wis": 0.21188307185625038,
    "wis_sharpness": 3.19532,
    "wis_underpred": 1.098862,
    "wis_overpred": 2.098277,
    "wis_total_decomp": 7.151284,
    "crps_gaussian": 7.489057691005705,
    "pinball_q05": 1.4931403142205986,
    "pinball_q95": 2.2495447019884316,
    "brier_score": 0.07069838235294118,
    "brier_skill": 0.6947245706264962,
    "brier_reliability": 0.03045,
    "brier_resolution": 0.176024,
    "brier_uncertainty": 0.218858,
    "roc_auc": 0.9871541501976285,
    "auprc": 0.994475512847441,
    "partial_auc_high_spec": 0.0849802371541502,
    "calibration_slope": 2.1297428445941717,
    "calibration_intercept": -0.17224429607993605,
    "pit_mean": 0.5113290600157288,
    "pit_std": 0.22814419953366538,
    "pit_ks_p": 0.03649586616092204,
    "peak_week_err": 2.0,
    "peak_int_relerr": 0.1374116896013619,
    "epi_peak_mae": 32.57555714285714,
    "epi_season_total_mae": 95.76692857142848,
    "attack_rate_relerr": -0.05023481232249502,
    "growth_rate_corr": 0.5566370145085109,
    "lead_time_weeks": -1.0,
    "season_onset_err": 1.0,
    "epidemic_duration_err": 3.0,
    "pearson_r": 0.8379927441544297,
    "spearman_r": 0.9027073969510278,
    "c_index": 0.8607817303469477,
    "cost_skill_3to1": 0.6153846153846154,
    "cost_skill_5to1": 0.46153846153846156,
    "cost_skill_10to1": 0.07692307692307687,
    "shapiro_wilk_p": 1.7798428185336638e-06,
    "jarque_bera_p": 4.289841509101001e-12,
    "residual_skew": -1.12820137767703,
    "residual_kurtosis": 3.6585455823717323,
    "residual_acf_lag1": 0.782484517266772,
    "durbin_watson": 0.4464249838508772,
    "ljung_box_q": 82.56247961918618,
    "ljung_box_p": 1.5764026297779818e-13,
    "n_test": 68,
    "n_valid": 68,
    "dm_z_stat": 2.9544913661554264,
    "dm_p_value": 0.004317931805066344,
    "dm_z_vs_climatology": NaN,
    "dm_p_vs_climatology": NaN,
    "dm_z_vs_lag52": NaN,
    "dm_p_vs_lag52": NaN,
    "dm_p_value_bh": NaN,
    "dm_p_vs_climatology_bh": NaN,
    "dm_p_vs_lag52_bh": NaN,
    "skill_mae_vs_persist": NaN,
    "skill_wis_vs_persist": NaN,
    "skill_crps_vs_persist": NaN,
    "skill_mae_vs_snaive": NaN,
    "relative_wis_pairwise": NaN,
    "rank_wis": NaN,
    "mae_ci95_lo": NaN,
    "mae_ci95_hi": NaN,
    "wis_ci95_lo": NaN,
    "wis_ci95_hi": NaN,
    "pi50_rel_width": 0.3491849198558228,
    "pi80_rel_width": 0.9972249657167259,
    "pi95_rel_width": 2.523506410784806,
    "rank_log_wis": NaN,
    "rank_mae": NaN,
    "rank_r2": NaN,
    "mae_ci95_lo_bs": NaN,
    "mae_ci95_hi_bs": NaN,
    "net_benefit_default": 0.3445378151260504,
    "pit_nonrand_mean": 0.5113290600157288,
    "pit_nonrand_std": 0.22984046229057306,
    "pit_nonrand_ks_p": 0.03649586616092204,
    "marginal_calib_max_diff": 0.21708309498041828,
    "marginal_calib_mean_diff": 0.03129143425159616,
    "picp95_low_tier": 1.0,
    "picp95_high_tier": 0.8529411764705882,
    "n": 68,
    "n_within_range": 61,
    "n_out_of_range": 7,
    "frac_out_of_range": 0.10294117647058823,
    "out_of_range_max_obs": 100.7,
    "within_range_r2": 0.7004131897382391,
    "within_range_mae": 6.561463700234192,
    "out_of_range_mae": 27.593132653061225,
    "within_range_wis": NaN,
    "predictions_uncapped": [
      4.004714285714286,
      4.0104999999999995,
      4.420714285714285,
      4.672714285714285,
      5.367714285714285,
      6.573428571428572,
      10.958928571428572,
      22.72692857142857,
      50.43507142857143,
      78.13535714285715,
      86.86264285714286,
      75.45957142857144,
      56.871500000000005,
      42.36057142857143,
      28.150071428571422,
      19.926928571428572,
      14.961142857142855,
      12.356714285714284,
      11.003357142857142,
      12.185928571428573,
      14.189714285714286,
      16.921000000000003,
      19.606142857142856,
      23.949214285714287,
      25.8195,
      23.71964285714285,
      19.800714285714285,
      16.965999999999998,
      14.373928571428571,
      11.465642857142857,
      9.383928571428571,
      8.392285714285714,
      7.332428571428571,
      6.796499999999999,
      5.974214285714286,
      5.7045,
      5.665500000000001,
      5.7235,
      5.685071428571429,
      6.026142857142857,
      5.7951428571428565,
      6.047285714285714,
      6.398642857142858,
      6.899571428571427,
      6.950214285714286,
      7.161928571428571,
      7.729857142857142,
      8.626642857142857,
      11.663571428571428,
      13.79557142857143,
      11.491000000000001,
      13.688999999999998,
      20.355214285714286,
      38.637928571428574,
      57.211,
      70.96192857142857,
      77.403,
      73.86792857142856,
      65.83407142857142,
      57.06407142857142,
      50.68642857142857,
      46.92,
      49.602357142857144,
      53.425642857142854,
      57.39992857142856,
      57.77992857142857,
      61.050928571428564,
      61.22992857142858
    ],
    "was_capped": false,
    "phase_eval_r8": {
      "phase_id": "phase12_refit_EpiEstim",
      "r2": 0.6903048075039915,
      "mae": 8.72648844537815,
      "rmse": 14.462839080907909,
      "mse": 209.1737142802371,
      "mape": 29.98783045514054,
      "smape": 29.402163514536607,
      "mdape": 22.461043243729765,
      "bias_mean_error": -1.40833718487395,
      "msle": 0.15039990630536365,
      "theils_u": 0.37833052771053616,
      "mase_h1": 4.856390484583034,
      "mase_h4": 1.864806127016159,
      "mase_h13": 0.005314890129948993,
      "mase_h26": 8.082363164409514e-07,
      "mase_h52": 1.6371025285125916e-14,
      "tp": 44,
      "tn": 20,
      "fp": 2,
      "fn": 2,
      "sensitivity": 0.9565217391304348,
      "specificity": 0.9090909090909091,
      "ppv": 0.9565217391304348,