{
  "model": "FluSight-Baseline",
  "best_config": {
    "transform": "identity",
    "scaler": "none",
    "n_features": null,
    "feature_indices": null,
    "preproc_optuna_params": null
  },
  "val_metrics": {
    "wis": NaN,
    "oof_wis": 2.1416896145853945,
    "oof_wis_folds": null,
    "insample_residuals": null,
    "mae": NaN,
    "rmse": null
  },
  "test_metrics": {
    "phase_id": "r9_per_model",
    "r2": 0.8536563890022179,
    "mae": 5.821218487394958,
    "rmse": 9.941987338801935,
    "mse": 98.84311224489797,
    "mape": 19.536239372942905,
    "smape": 20.007114146044604,
    "mdape": 15.138222459658905,
    "bias_mean_error": -0.7157563025210083,
    "msle": 0.07270231045713832,
    "theils_u": 1.0,
    "mase_h1": 3.23957457204181,
    "mase_h4": 1.243964736782901,
    "mase_h13": 0.0035454280237222457,
    "mase_h26": 5.391538895512956e-07,
    "mase_h52": 1.0920694577652148e-14,
    "tp": 44,
    "tn": 21,
    "fp": 1,
    "fn": 2,
    "sensitivity": 0.896551724137931,
    "specificity": 0.9487179487179487,
    "ppv": 0.9285714285714286,
    "npv": 0.925,
    "accuracy": 0.9558823529411765,
    "prevalence": 0.6764705882352942,
    "balanced_accuracy": 0.9555335968379447,
    "g_mean": 0.9555330859059092,
    "f1": 0.912280701754386,
    "f2_score": 0.9606986899563319,
    "f05_score": 0.9734513274336283,
    "alert_f1": 0.967032967032967,
    "youden_j": 0.8452696728558797,
    "mcc": 0.8494104085703784,
    "dor": 462.0,
    "markedness": 0.8908212560386473,
    "cohens_kappa": 0.8490230905861457,
    "lr_positive": 17.48275862068964,
    "lr_negative": 0.10904007455731593,
    "direction_acc": 0.7014925373134329,
    "pi99_coverage": 1.0,
    "pi99_width": 84.57142857142858,
    "pi95_coverage": 0.9852941176470589,
    "pi95_width": 55.94285714285712,
    "pi80_coverage": 0.9264705882352942,
    "pi80_width": 18.885714285714293,
    "pi50_coverage": 0.8529411764705882,
    "pi50_width": 5.828571428571433,
    "pi_sharpness_ratio": 2.152575142717859,
    "pi95_ci_lo": 0.8989536863477694,
    "pi95_ci_hi": 0.9918968204568701,
    "pi95_relia": 0.020588235294117685,
    "pi80_relia": 0.0235294117647058,
    "sigma_in_sample": 14.996713975033593,
    "alert_threshold": 8.6,
    "wis": 5.324237681893686,
    "log_wis": 0.16520144578503723,
    "wis_sharpness": 3.19532,
    "wis_underpred": 0.576095,
    "wis_overpred": 1.04663,
    "wis_total_decomp": 5.324238,
    "crps_gaussian": 5.620956020314202,
    "pinball_q05": 1.317823923138715,
    "pinball_q95": 1.5257140011953894,
    "brier_score": 0.04892776470588235,
    "brier_skill": 0.7887300404653089,
    "brier_reliability": 0.029972,
    "brier_resolution": 0.19974,
    "brier_uncertainty": 0.218858,
    "roc_auc": 0.9960474308300395,
    "auprc": 0.998196443038463,
    "partial_auc_high_spec": 0.04347826086956522,
    "calibration_slope": 2.2287307402243037,
    "calibration_intercept": -0.009219928226649679,
    "pit_mean": 0.5076852803977411,
    "pit_std": 0.1850754217395638,
    "pit_ks_p": 0.0018661386565969051,
    "peak_week_err": 1.0,
    "peak_int_relerr": 0.0,
    "epi_peak_mae": 24.654285714285717,
    "epi_season_total_mae": 48.67142857142858,
    "attack_rate_relerr": -0.025530735048371268,
    "growth_rate_corr": 0.6178717829542308,
    "lead_time_weeks": -1.0,
    "season_onset_err": 1.0,
    "epidemic_duration_err": -1.0,
    "pearson_r": 0.9271655951842589,
    "spearman_r": 0.9534766094707308,
    "c_index": 0.9068950373298199,
    "cost_skill_3to1": 0.717948717948718,
    "cost_skill_5to1": 0.5641025641025641,
    "cost_skill_10to1": 0.17948717948717952,
    "shapiro_wilk_p": 8.443219214459477e-07,
    "jarque_bera_p": 2.1676131846653837e-19,
    "residual_skew": -1.1041748209714246,
    "residual_kurtosis": 5.045674577630253,
    "residual_acf_lag1": 0.6557585321657358,
    "durbin_watson": 0.6922663678920526,
    "ljung_box_q": 56.70918427913805,
    "ljung_box_p": 1.5114897280660774e-08,
    "n_test": 68,
    "n_valid": 68,
    "dm_z_stat": NaN,
    "dm_p_value": NaN,
    "dm_z_vs_climatology": NaN,
    "dm_p_vs_climatology": NaN,
    "dm_z_vs_lag52": NaN,
    "dm_p_vs_lag52": NaN,
    "dm_p_value_bh": NaN,
    "dm_p_vs_climatology_bh": NaN,
    "dm_p_vs_lag52_bh": NaN,
    "skill_mae_vs_persist": NaN,
    "skill_wis_vs_persist": NaN,
    "skill_crps_vs_persist": NaN,
    "skill_mae_vs_snaive": NaN,
    "relative_wis_pairwise": NaN,
    "rank_wis": NaN,
    "mae_ci95_lo": NaN,
    "mae_ci95_hi": NaN,
    "wis_ci95_lo": NaN,
    "wis_ci95_hi": NaN,
    "pi50_rel_width": 0.20790276289463247,
    "pi80_rel_width": 0.6736457170262353,
    "pi95_rel_width": 1.9954588713122055,
    "rank_log_wis": NaN,
    "rank_mae": NaN,
    "rank_r2": NaN,
    "mae_ci95_lo_bs": NaN,
    "mae_ci95_hi_bs": NaN,
    "net_benefit_default": 0.36974789915966383,
    "pit_nonrand_mean": 0.5076852803977411,
    "pit_nonrand_std": 0.18645146612621705,
    "pit_nonrand_ks_p": 0.0018661386565969051,
    "marginal_calib_max_diff": 0.21559518495296331,
    "marginal_calib_mean_diff": 0.030713230597623143,
    "picp95_low_tier": 1.0,
    "picp95_high_tier": 0.9705882352941176,
    "n": 68,
    "n_within_range": 61,
    "n_out_of_range": 7,
    "frac_out_of_range": 0.10294117647058823,
    "out_of_range_max_obs": 100.7,
    "within_range_r2": 0.836211606529194,
    "within_range_mae": 4.604918032786885,
    "out_of_range_mae": 16.42040816326531,
    "within_range_wis": NaN,
    "predictions_uncapped": [
      3.8857142857142857,
      4.042857142857143,
      4.828571428571428,
      4.8428571428571425,
      6.028571428571429,
      7.642857142857143,
      15.128571428571428,
      33.65714285714286,
      75.94285714285715,
      100.7,
      90.97142857142856,
      63.0,
      40.51428571428572,
      31.071428571428573,
      16.228571428571428,
      14.171428571428573,
      11.257142857142856,
      10.657142857142857,
      10.12857142857143,
      13.571428571428571,
      15.985714285714286,
      19.300000000000004,
      21.814285714285713,
      27.82857142857143,
      26.900000000000002,
      21.37142857142857,
      16.314285714285713,
      14.799999999999999,
      12.242857142857142,
      9.0,
      7.814285714285715,
      7.742857142857143,
      6.442857142857143,
      6.457142857142857,
      5.228571428571429,
      5.6000000000000005,
      5.6571428571428575,
      5.785714285714286,
      5.642857142857143,
      6.371428571428572,
      5.5,
      6.357142857142857,
      6.685714285714285,
      7.3428571428571425,
      6.914285714285714,
      7.371428571428571,
      8.257142857142856,
      9.414285714285715,
      14.542857142857143,
      15.342857142857143,
      8.871428571428572,
      16.385714285714286,
      26.457142857142856,
      55.728571428571435,
      72.34285714285714,
      81.60000000000001,
      81.60000000000001,
      69.3,
      58.628571428571426,
      49.614285714285714,
      45.800000000000004,
      44.18571428571429,
      52.885714285714286,
      56.67142857142858,
      60.771428571428565,
      57.48571428571428,
      64.34285714285714,
      60.74285714285715
    ],
    "was_capped": false,
    "phase_eval_r8": {
      "phase_id": "phase12_refit_FluSight-Baseline",
      "r2": 0.8536563890022179,
      "mae": 5.821218487394958,
      "rmse": 9.941987338801935,
      "mse": 98.84311224489797,
      "mape": 19.536239372942905,
      "smape": 20.007114146044604,
      "mdape": 15.138222459658907,
      "bias_mean_error": -0.7157563025210083,
      "msle": 0.07270231045713832,
      "theils_u": 0.2600704671702871,
      "mase_h1": 3.23957457204181,
      "mase_h4": 1.243964736782901,
      "mase_h13": 0.0035454280237222457,
      "mase_h26": 5.391538895512956e-07,
      "mase_h52": 1.0920694577652148e-14,
      "tp": 44,
      "tn": 21,
      "fp": 1,
      "fn": 2,
      "sensitivity": 0.9565217391304348,
      "specificity": 0.9545454545454546,
      "ppv": 0.9777777777777777,
      "npv": 0.9130434782608695,