{
  "model": "hhh4-equivalent",
  "best_config": {
    "transform": "identity",
    "scaler": "none",
    "n_features": null,
    "feature_indices": null,
    "preproc_optuna_params": null
  },
  "val_metrics": {
    "wis": NaN,
    "oof_wis": 11.231273198797457,
    "oof_wis_folds": null,
    "insample_residuals": null,
    "mae": NaN,
    "rmse": null
  },
  "test_metrics": {
    "phase_id": "r9_per_model",
    "r2": 0.8694241485375448,
    "mae": 5.701407768278584,
    "rmse": 9.391127903034088,
    "mse": 88.1932832911454,
    "mape": 19.299386962726675,
    "smape": 21.86062205563013,
    "mdape": 15.931365700655551,
    "bias_mean_error": -5.030130489478076,
    "msle": 0.07300778015402887,
    "theils_u": 0.9964818547405645,
    "mase_h1": 3.172898538502113,
    "mase_h4": 1.2183617964376627,
    "mase_h13": 0.0034724569984949144,
    "mase_h26": 5.280571723671862e-07,
    "mase_h52": 1.0695927843087558e-14,
    "tp": 42,
    "tn": 22,
    "fp": 0,
    "fn": 4,
    "sensitivity": 0.9310344827586207,
    "specificity": 0.9487179487179487,
    "ppv": 0.9310344827586207,
    "npv": 0.9487179487179487,
    "accuracy": 0.9411764705882353,
    "prevalence": 0.6764705882352942,
    "balanced_accuracy": 0.9565217391304348,
    "g_mean": 0.9555330859059091,
    "f1": 0.9310344827586207,
    "f2_score": 0.9292035398230089,
    "f05_score": 0.9813084112149533,
    "alert_f1": 0.9545454545454546,
    "youden_j": 0.8797524314765695,
    "mcc": 0.8797524314765695,
    "dor": 924.0,
    "markedness": 0.8461538461538463,
    "cohens_kappa": 0.8797524314765693,
    "lr_positive": 18.15517241379309,
    "lr_negative": 0.07269338303821066,
    "direction_acc": 0.7164179104477612,
    "pi99_coverage": 1.0,
    "pi99_width": 75.58842120836162,
    "pi95_coverage": 0.9852941176470589,
    "pi95_width": 49.10856336046717,
    "pi80_coverage": 0.9264705882352942,
    "pi80_width": 20.543689926880035,
    "pi50_coverage": 0.8088235294117647,
    "pi50_width": 3.6852849844183933,
    "pi_sharpness_ratio": 1.889604467544144,
    "pi95_ci_lo": 0.8989536863477694,
    "pi95_ci_hi": 0.9918968204568701,
    "pi95_relia": 0.020588235294117685,
    "pi80_relia": 0.0235294117647058,
    "sigma_in_sample": 14.996713975033593,
    "alert_threshold": 8.6,
    "wis": 5.175567710791311,
    "log_wis": 0.18119668537279413,
    "wis_sharpness": 3.19532,
    "wis_underpred": 0.01838,
    "wis_overpred": 1.466093,
    "wis_total_decomp": 5.175568,
    "crps_gaussian": 5.467431335664355,
    "pinball_q05": 1.484986248920417,
    "pinball_q95": 1.2151956102367119,
    "brier_score": 0.09891458823529413,
    "brier_skill": 0.5728870677112949,
    "brier_reliability": 0.087018,
    "brier_resolution": 0.206603,
    "brier_uncertainty": 0.218858,
    "roc_auc": 1.0,
    "auprc": 1.0,
    "partial_auc_high_spec": 0.0,
    "calibration_slope": 2.3384495385350985,
    "calibration_intercept": 4.638847702374634,
    "pit_mean": 0.6083319956886516,
    "pit_std": 0.1495501588210159,
    "pit_ks_p": 1.91497281280527e-10,
    "peak_week_err": 1.0,
    "peak_int_relerr": 0.2225909367227297,
    "epi_peak_mae": 18.99227626512826,
    "epi_season_total_mae": 342.0488732845092,
    "attack_rate_relerr": -0.179422700622087,
    "growth_rate_corr": 0.6482124750384795,
    "lead_time_weeks": -1.0,
    "season_onset_err": 1.0,
    "epidemic_duration_err": 0.0,
    "pearson_r": 0.9626011147087397,
    "spearman_r": 0.9688606411541795,
    "c_index": 0.9262187088274044,
    "cost_skill_3to1": 0.7948717948717949,
    "cost_skill_5to1": 0.6923076923076923,
    "cost_skill_10to1": 0.4358974358974359,
    "shapiro_wilk_p": 4.189760515965413e-08,
    "jarque_bera_p": 3.027328658683831e-18,
    "residual_skew": -1.8582993149048892,
    "residual_kurtosis": 3.8290178552703145,
    "residual_acf_lag1": 0.6666277470162013,
    "durbin_watson": 0.4851389953701599,
    "ljung_box_q": 48.2889789709359,
    "ljung_box_p": 5.496289908041349e-07,
    "n_test": 68,
    "n_valid": 68,
    "dm_z_stat": -0.5629346756972076,
    "dm_p_value": 0.5753583549070111,
    "dm_z_vs_climatology": NaN,
    "dm_p_vs_climatology": NaN,
    "dm_z_vs_lag52": NaN,
    "dm_p_vs_lag52": NaN,
    "dm_p_value_bh": NaN,
    "dm_p_vs_climatology_bh": NaN,
    "dm_p_vs_lag52_bh": NaN,
    "skill_mae_vs_persist": NaN,
    "skill_wis_vs_persist": NaN,
    "skill_crps_vs_persist": NaN,
    "skill_mae_vs_snaive": NaN,
    "relative_wis_pairwise": NaN,
    "rank_wis": NaN,
    "mae_ci95_lo": NaN,
    "mae_ci95_hi": NaN,
    "wis_ci95_lo": NaN,
    "wis_ci95_hi": NaN,
    "pi50_rel_width": 0.13145261059320593,
    "pi80_rel_width": 0.7327850311505614,
    "pi95_rel_width": 1.7516824027203588,
    "rank_log_wis": NaN,
    "rank_mae": NaN,
    "rank_r2": NaN,
    "mae_ci95_lo_bs": NaN,
    "mae_ci95_hi_bs": NaN,
    "net_benefit_default": 0.384453781512605,
    "pit_nonrand_mean": 0.6083319956886516,
    "pit_nonrand_std": 0.15066207122210365,
    "pit_nonrand_ks_p": 1.91497281280527e-10,
    "marginal_calib_max_diff": 0.24331450612119,
    "marginal_calib_mean_diff": 0.04144570360923866,
    "picp95_low_tier": 1.0,
    "picp95_high_tier": 0.9705882352941176,
    "n": 68,
    "n_within_range": 61,
    "n_out_of_range": 7,
    "frac_out_of_range": 0.10294117647058823,
    "out_of_range_max_obs": 100.7,
    "within_range_r2": 0.8467209891728477,
    "within_range_mae": 4.610855427867987,
    "out_of_range_mae": 15.20479244899951,
    "within_range_wis": NaN,
    "predictions_uncapped": [
      4.022988994964446,
      4.317225173321145,
      4.971028540639232,
      5.014745183409155,
      6.005844448903185,
      8.068107824839588,
      15.293935204206031,
      38.14864653867634,
      76.14571831976642,
      78.28509267202112,
      61.436654511117375,
      41.98207444364171,
      26.251491946957305,
      18.849573716689118,
      10.334930647708195,
      9.569221207850212,
      8.25483699970931,
      8.73738901445035,
      8.581693641854026,
      11.279942468053475,
      12.94880878069536,
      17.518164029385936,
      19.96565849719207,
      26.755246401864266,
      26.364416785556703,
      20.15997135402846,
      14.204316127283443,
      12.738050507636245,
      10.440091549704832,
      7.716707501087927,
      6.787671984540055,
      6.777267425705169,
      5.698993161017813,
      5.829399583718443,
      4.374066140094767,
      4.760988232168471,
      4.903506502961613,
      4.8702328298560476,
      4.946074088637287,
      5.271619587270464,
      4.51450036493366,
      5.354111172615411,
      6.097252730113301,
      6.870637358444261,
      6.50348413834805,
      7.173214066449563,
      7.9801666705454775,
      9.455855610226154,
      14.996705136102934,
      15.134719681352186,
      8.62251230889786,
      17.603391813187656,
      28.324469156932782,
      62.071012179417124,
      68.65684122718729,
      74.0502615247661,
      69.93397674768808,
      56.95592835848511,
      47.810983932234436,
      38.9569245338225,
      35.27073115796506,
      32.75992483697977,
      43.75196964019277,
      43.03226421691143,
      46.23404128778142,
      41.056636146202585,
      49.88788491613563,
      46.69404751810346
    ],
    "was_capped": false,
    "phase_eval_r8": {
      "phase_id": "phase12_refit_hhh4-equivalent",
      "r2": 0.8694241485375448,
      "mae": 5.701407768278584,
      "rmse": 9.391127903034088,
      "mse": 88.1932832911454,
      "mape": 19.299386962726675,
      "smape": 21.86062205563013,
      "mdape": 15.931365700655553,
      "bias_mean_error": -5.030130489478076,
      "msle": 0.07300778015402887,
      "theils_u": 0.24566064487588765,
      "mase_h1": 3.172898538502113,
      "mase_h4": 1.2183617964376627,
      "mase_h13": 0.0034724569984949144,
      "mase_h26": 5.280571723671862e-07,
      "mase_h52": 1.0695927843087558e-14,
      "tp": 42,
      "tn": 22,
      "fp": 0,
      "fn": 4,
      "sensitivity": 0.9130434782608695,
      "specificity": 1.0,
      "ppv": 1.0,