{
  "model": "SARIMAX",
  "best_config": {
    "transform": "identity",
    "scaler": "none",
    "n_features": null,
    "feature_indices": null,
    "preproc_optuna_params": null
  },
  "val_metrics": {
    "wis": NaN,
    "oof_wis": 4.811481068140854,
    "oof_wis_folds": null,
    "insample_residuals": null,
    "mae": NaN,
    "rmse": null
  },
  "test_metrics": {
    "phase_id": "r9_per_model",
    "r2": 0.9198765250873633,
    "mae": 4.466676425066144,
    "rmse": 7.356414814715777,
    "mse": 54.11683892616975,
    "mape": 19.79491518410477,
    "smape": 21.07180459104553,
    "mdape": 15.596915015016858,
    "bias_mean_error": -0.2979826040770002,
    "msle": 0.07902773813524287,
    "theils_u": 0.9696718203811844,
    "mase_h1": 2.485756444207679,
    "mase_h4": 0.9545059982602238,
    "mase_h13": 0.002720440712648095,
    "mase_h26": 4.136979179112014e-07,
    "mase_h52": 8.379553030172487e-15,
    "tp": 44,
    "tn": 18,
    "fp": 4,
    "fn": 2,
    "sensitivity": 1.0,
    "specificity": 0.9230769230769231,
    "ppv": 0.90625,
    "npv": 1.0,
    "accuracy": 0.9117647058823529,
    "prevalence": 0.6764705882352942,
    "balanced_accuracy": 0.8873517786561265,
    "g_mean": 0.8846517369293828,
    "f1": 0.9508196721311475,
    "f2_score": 0.9482758620689655,
    "f05_score": 0.9243697478991597,
    "alert_f1": 0.9361702127659575,
    "youden_j": 0.9230769230769231,
    "mcc": 0.9146247654303166,
    "dor": 99.0,
    "markedness": 0.8166666666666667,
    "cohens_kappa": 0.9109947643979058,
    "lr_positive": 13.000000000000009,
    "lr_negative": 0.0,
    "direction_acc": 0.582089552238806,
    "pi99_coverage": 1.0,
    "pi99_width": 62.32929378375749,
    "pi95_coverage": 0.9852941176470589,
    "pi95_width": 40.28467251825654,
    "pi80_coverage": 0.9558823529411765,
    "pi80_width": 14.021932675574686,
    "pi50_coverage": 0.8676470588235294,
    "pi50_width": 3.8781780615237835,
    "pi_sharpness_ratio": 1.5500778673832947,
    "pi95_ci_lo": 0.8989536863477694,
    "pi95_ci_hi": 0.9918968204568701,
    "pi95_relia": 0.020588235294117685,
    "pi80_relia": 0.0235294117647058,
    "sigma_in_sample": 14.996713975033593,
    "alert_threshold": 8.6,
    "wis": 4.492349919017964,
    "log_wis": 0.16606738798236767,
    "wis_sharpness": 3.19532,
    "wis_underpred": 0.328223,
    "wis_overpred": 0.580401,
    "wis_total_decomp": 4.49235,
    "crps_gaussian": 4.7549591949925585,
    "pinball_q05": 1.2483788546503634,
    "pinball_q95": 1.3243307592414406,
    "brier_score": 0.06000723529411764,
    "brier_skill": 0.7408889155556959,
    "brier_reliability": 0.041351,
    "brier_resolution": 0.19974,
    "brier_uncertainty": 0.218858,
    "roc_auc": 0.9772727272727272,
    "auprc": 0.9917119565217392,
    "partial_auc_high_spec": 0.0,
    "calibration_slope": 1.6032469310031008,
    "calibration_intercept": -0.49682016182617444,
    "pit_mean": 0.501905947685745,
    "pit_std": 0.15322845558676818,
    "pit_ks_p": 0.0001660305562642675,
    "peak_week_err": 1.0,
    "peak_int_relerr": 0.06962932048713164,
    "epi_peak_mae": 16.807441570785063,
    "epi_season_total_mae": 20.262817077235695,
    "attack_rate_relerr": -0.010628917813113061,
    "growth_rate_corr": 0.423028201251049,
    "lead_time_weeks": 0.0,
    "season_onset_err": 0.0,
    "epidemic_duration_err": 3.0,
    "pearson_r": 0.9624581224262936,
    "spearman_r": 0.9426551003893416,
    "c_index": 0.9077733860342556,
    "cost_skill_3to1": 0.9230769230769231,
    "cost_skill_5to1": 0.9230769230769231,
    "cost_skill_10to1": 0.9230769230769231,
    "shapiro_wilk_p": 8.122812186524346e-07,
    "jarque_bera_p": 3.73756383996005e-23,
    "residual_skew": -1.2238709924933286,
    "residual_kurtosis": 5.519152659849299,
    "residual_acf_lag1": 0.3066972547966911,
    "durbin_watson": 1.387955237840054,
    "ljung_box_q": 20.779227435544815,
    "ljung_box_p": 0.02268672559716543,
    "n_test": 68,
    "n_valid": 68,
    "dm_z_stat": -2.4765568141766474,
    "dm_p_value": 0.015797017527136026,
    "dm_z_vs_climatology": NaN,
    "dm_p_vs_climatology": NaN,
    "dm_z_vs_lag52": NaN,
    "dm_p_vs_lag52": NaN,
    "dm_p_value_bh": NaN,
    "dm_p_vs_climatology_bh": NaN,
    "dm_p_vs_lag52_bh": NaN,
    "skill_mae_vs_persist": NaN,
    "skill_wis_vs_persist": NaN,
    "skill_crps_vs_persist": NaN,
    "skill_mae_vs_snaive": NaN,
    "relative_wis_pairwise": NaN,
    "rank_wis": NaN,
    "mae_ci95_lo": NaN,
    "mae_ci95_hi": NaN,
    "wis_ci95_lo": NaN,
    "wis_ci95_hi": NaN,
    "pi50_rel_width": 0.13833302789012272,
    "pi80_rel_width": 0.5001566130054291,
    "pi95_rel_width": 1.4369378194107107,
    "rank_log_wis": NaN,
    "rank_mae": NaN,
    "rank_r2": NaN,
    "mae_ci95_lo_bs": NaN,
    "mae_ci95_hi_bs": NaN,
    "net_benefit_default": 0.40756302521008403,
    "pit_nonrand_mean": 0.501905947685745,
    "pit_nonrand_std": 0.15436771629574783,
    "pit_nonrand_ks_p": 0.0001660305562642675,
    "marginal_calib_max_diff": 0.2231914741375301,
    "marginal_calib_mean_diff": 0.03227266319512746,
    "picp95_low_tier": 1.0,
    "picp95_high_tier": 0.9705882352941176,
    "n": 68,
    "n_within_range": 61,
    "n_out_of_range": 7,
    "frac_out_of_range": 0.10294117647058823,
    "out_of_range_max_obs": 100.7,
    "within_range_r2": 0.8998958889295912,
    "within_range_mae": 3.8407181998405653,
    "out_of_range_mae": 9.921455244889023,
    "within_range_wis": NaN,
    "predictions_uncapped": [
      2.2846707596688685,
      6.070096314665438,
      3.0670657157321433,
      5.916945614860804,
      7.153206278533055,
      8.117605090784085,
      19.77161677813718,
      44.778210250978404,
      98.595545377713,
      107.71167257305416,
      83.14233625912827,
      48.53541559510088,
      29.819004352060283,
      26.901562991444322,
      10.310046610609827,
      13.196231887904748,
      11.20607959135959,
      11.686414745685843,
      10.315862908088038,
      16.966584400701233,
      20.29521089959696,
      20.24307397497267,
      21.342839327855785,
      29.22044666527894,
      24.892398544963715,
      17.80852853600098,
      13.514535551604716,
      15.555047716985403,
      10.68442556674433,
      6.638756230379405,
      9.627885166730875,
      8.279962047988743,
      7.2462105520421485,
      9.454411622909376,
      4.704365640143152,
      3.747210913040618,
      3.18990207233103,
      6.023860281533063,
      4.5511027871513825,
      5.926881528792302,
      5.5258676825156545,
      6.877594245747655,
      6.418070375800843,
      8.892088399047598,
      6.325084169446447,
      9.395042476769284,
      10.995386078950354,
      9.822566094707163,
      16.2282740258542,
      12.22627332433282,
      3.7544640667656957,
      21.849313122677366,
      30.36301812267287,
      72.16292068015547,
      77.86803164467241,
      86.17042448457087,
      80.25851189583167,
      63.530003829057726,
      54.96951561890913,
      47.20573466754915,
      44.60983802520234,
      42.167224690495615,
      56.2548907002831,
      56.510023981250015,
      64.03596862285416,
      56.18998001447466,
      70.56094086323344,
      56.46261558139483
    ],
    "was_capped": false,
    "phase_eval_r8": {
      "phase_id": "phase12_refit_SARIMAX",
      "r2": 0.9198765250873633,
      "mae": 4.466676425066144,
      "rmse": 7.356414814715777,
      "mse": 54.11683892616975,
      "mape": 19.79491518410477,
      "smape": 21.07180459104553,
      "mdape": 15.596915015016858,
      "bias_mean_error": -0.2979826040770002,
      "msle": 0.07902773813524287,
      "theils_u": 0.19243499034591433,
      "mase_h1": 2.485756444207679,
      "mase_h4": 0.9545059982602238,
      "mase_h13": 0.002720440712648095,
      "mase_h26": 4.136979179112014e-07,
      "mase_h52": 8.379553030172487e-15,
      "tp": 44,
      "tn": 18,
      "fp": 4,
      "fn": 2,
      "sensitivity": 0.9565217391304348,
      "specificity": 0.8181818181818182,
      "ppv": 0.9166666666666666,