{
  "model": "SARIMA",
  "best_config": {
    "transform": "identity",
    "scaler": "none",
    "n_features": null,
    "feature_indices": null,
    "preproc_optuna_params": null
  },
  "val_metrics": {
    "wis": NaN,
    "oof_wis": 2.5695829999418653,
    "oof_wis_folds": null,
    "insample_residuals": null,
    "mae": NaN,
    "rmse": null
  },
  "test_metrics": {
    "phase_id": "r9_per_model",
    "r2": 0.905561152162682,
    "mae": 5.577076137056085,
    "rmse": 7.986595005911737,
    "mse": 63.7856997884543,
    "mape": 27.493739146028283,
    "smape": 28.888085201564955,
    "mdape": 21.127143955910668,
    "bias_mean_error": -0.5285872527626656,
    "msle": 0.12223365783982798,
    "theils_u": 1.1847158117668295,
    "mase_h1": 3.1037065657422764,
    "mase_h4": 1.191792760205405,
    "mase_h13": 0.0033967325001745263,
    "mase_h26": 5.165417340250212e-07,
    "mase_h52": 1.0462679808528762e-14,
    "tp": 41,
    "tn": 18,
    "fp": 4,
    "fn": 5,
    "sensitivity": 1.0,
    "specificity": 0.8974358974358975,
    "ppv": 0.8787878787878788,
    "npv": 1.0,
    "accuracy": 0.8676470588235294,
    "prevalence": 0.6764705882352942,
    "balanced_accuracy": 0.8547430830039526,
    "g_mean": 0.8539607788755333,
    "f1": 0.9354838709677419,
    "f2_score": 0.8951965065502183,
    "f05_score": 0.9070796460176991,
    "alert_f1": 0.9010989010989011,
    "youden_j": 0.8974358974358974,
    "mcc": 0.8880629418322717,
    "dor": 36.9,
    "markedness": 0.693719806763285,
    "cohens_kappa": 0.8818418766290183,
    "lr_positive": 9.750000000000004,
    "lr_negative": 0.0,
    "direction_acc": 0.5970149253731343,
    "pi99_coverage": 1.0,
    "pi99_width": 57.815970455035384,
    "pi95_coverage": 1.0,
    "pi95_width": 33.073503264999886,
    "pi80_coverage": 0.9705882352941176,
    "pi80_width": 20.57765843419253,
    "pi50_coverage": 0.8088235294117647,
    "pi50_width": 7.851645565682455,
    "pi_sharpness_ratio": 1.2726057381916678,
    "pi95_ci_lo": 0.8989536863477694,
    "pi95_ci_hi": 0.9918968204568701,
    "pi95_relia": 0.020588235294117685,
    "pi80_relia": 0.0235294117647058,
    "sigma_in_sample": 14.996713975033593,
    "alert_threshold": 8.6,
    "wis": 4.767951883913117,
    "log_wis": 0.19572592031659078,
    "wis_sharpness": 3.19532,
    "wis_underpred": 0.378808,
    "wis_overpred": 0.708861,
    "wis_total_decomp": 4.767952,
    "crps_gaussian": 5.017257714138609,
    "pinball_q05": 1.259909087084646,
    "pinball_q95": 1.307093333581211,
    "brier_score": 0.09144961764705883,
    "brier_skill": 0.6051207911111812,
    "brier_reliability": 0.01631,
    "brier_resolution": 0.144016,
    "brier_uncertainty": 0.218858,
    "roc_auc": 0.9476284584980237,
    "auprc": 0.9777617726798766,
    "partial_auc_high_spec": 0.03458498023715415,
    "calibration_slope": 1.2590076785905193,
    "calibration_intercept": -0.2735416517783034,
    "pit_mean": 0.5064411581416102,
    "pit_std": 0.17381782090309944,
    "pit_ks_p": 0.0024974504811269282,
    "peak_week_err": 1.0,
    "peak_int_relerr": 0.009658247975739234,
    "epi_peak_mae": 15.45329925263186,
    "epi_season_total_mae": 35.94393318786115,
    "attack_rate_relerr": -0.018854491469649227,
    "growth_rate_corr": 0.3929247121579725,
    "lead_time_weeks": 0.0,
    "season_onset_err": 0.0,
    "epidemic_duration_err": 4.0,
    "pearson_r": 0.9542941928159838,
    "spearman_r": 0.9219273383568481,
    "c_index": 0.8888888888888888,
    "cost_skill_3to1": 0.8974358974358975,
    "cost_skill_5to1": 0.8974358974358975,
    "cost_skill_10to1": 0.8974358974358975,
    "shapiro_wilk_p": 0.0004996398295042763,
    "jarque_bera_p": 1.1149907372419958e-07,
    "residual_skew": -1.0316756641309421,
    "residual_kurtosis": 2.6539080692062074,
    "residual_acf_lag1": 0.23488213567133573,
    "durbin_watson": 1.5297411555682012,
    "ljung_box_q": 25.211721253588674,
    "ljung_box_p": 0.004958315326204697,
    "n_test": 68,
    "n_valid": 68,
    "dm_z_stat": -1.74567426713795,
    "dm_p_value": 0.08545173555836882,
    "dm_z_vs_climatology": NaN,
    "dm_p_vs_climatology": NaN,
    "dm_z_vs_lag52": NaN,
    "dm_p_vs_lag52": NaN,
    "dm_p_value_bh": NaN,
    "dm_p_vs_climatology_bh": NaN,
    "dm_p_vs_lag52_bh": NaN,
    "skill_mae_vs_persist": NaN,
    "skill_wis_vs_persist": NaN,
    "skill_crps_vs_persist": NaN,
    "skill_mae_vs_snaive": NaN,
    "relative_wis_pairwise": NaN,
    "rank_wis": NaN,
    "mae_ci95_lo": NaN,
    "mae_ci95_hi": NaN,
    "wis_ci95_lo": NaN,
    "wis_ci95_hi": NaN,
    "pi50_rel_width": 0.28006499128978907,
    "pi80_rel_width": 0.7339966739361427,
    "pi95_rel_width": 1.179718356661442,
    "rank_log_wis": NaN,
    "rank_mae": NaN,
    "rank_r2": NaN,
    "mae_ci95_lo_bs": NaN,
    "mae_ci95_hi_bs": NaN,
    "net_benefit_default": 0.40126050420168063,
    "pit_nonrand_mean": 0.5064411581416102,
    "pit_nonrand_std": 0.17511016450283787,
    "pit_nonrand_ks_p": 0.0024974504811269282,
    "marginal_calib_max_diff": 0.2265152918743782,
    "marginal_calib_mean_diff": 0.0320215208873297,
    "picp95_low_tier": 1.0,
    "picp95_high_tier": 1.0,
    "n": 68,
    "n_within_range": 61,
    "n_out_of_range": 7,
    "frac_out_of_range": 0.10294117647058823,
    "out_of_range_max_obs": 100.7,
    "within_range_r2": 0.862741776997845,
    "within_range_mae": 5.034700394250084,
    "out_of_range_mae": 10.303493324365506,
    "within_range_wis": NaN,
    "predictions_uncapped": [
      1.8633129007610525,
      7.620856661353335,
      6.772099616447202,
      3.5890176009186314,
      12.972610242013493,
      3.844486378562554,
      19.097373334881688,
      47.03487191533946,
      94.1391671188479,
      101.67258557115694,
      79.53675163249994,
      49.020927099750466,
      32.265974953916114,
      28.729584505612806,
      6.809748984922418,
      15.57077913702,
      7.5372629077333055,
      12.413265909039445,
      10.047448048309704,
      16.104255297291004,
      17.06742421252295,
      19.568140416016682,
      23.724751965843712,
      30.972895759328047,
      27.71762691082552,
      18.950649251181428,
      13.230723005857817,
      16.871437697809867,
      11.988397450331075,
      6.9820950817613285,
      11.66867992569837,
      5.073257679847265,
      5.942523978793261,
      11.093339407686052,
      2.5016719346606564,
      4.134520325321812,
      2.014621228492693,
      5.390339690125494,
      4.364498105390757,
      6.538380029498564,
      3.7875781057688296,
      6.144848026118524,
      5.659251067337797,
      8.332113900961069,
      6.324183227996071,
      8.621653663948456,
      8.387203042439307,
      9.13239446624802,
      18.562050750953315,
      13.913315457903236,
      7.475233153328417,
      22.476367340493056,
      28.494445597676158,
      73.67799724515457,
      74.24248284422288,
      86.48937151837214,
      81.67244938571368,
      63.50914933642783,
      59.90311493138198,
      58.56336023126006,
      45.537742282717076,
      37.77795982059943,
      50.57094426878214,
      52.4327277449439,
      62.34496987865308,
      49.621757308976996,
      71.89737928121295,
      52.4513833448913
    ],
    "was_capped": false,
    "phase_eval_r8": {
      "phase_id": "phase12_refit_SARIMA",
      "r2": 0.905561152162682,
      "mae": 5.577076137056085,
      "rmse": 7.986595005911737,
      "mse": 63.7856997884543,
      "mape": 27.493739146028283,
      "smape": 28.888085201564955,
      "mdape": 21.127143955910665,
      "bias_mean_error": -0.5285872527626656,
      "msle": 0.12223365783982798,
      "theils_u": 0.20891974848739311,
      "mase_h1": 3.1037065657422764,
      "mase_h4": 1.191792760205405,
      "mase_h13": 0.0033967325001745263,
      "mase_h26": 5.165417340250212e-07,
      "mase_h52": 1.0462679808528762e-14,
      "tp": 41,
      "tn": 18,
      "fp": 4,
      "fn": 5,
      "sensitivity": 0.8913043478260869,
      "specificity": 0.8181818181818182,
      "ppv": 0.9111111111111111,