{
  "model": "Theta",
  "best_config": {
    "transform": "identity",
    "scaler": "none",
    "n_features": null,
    "feature_indices": null,
    "preproc_optuna_params": null
  },
  "val_metrics": {
    "wis": NaN,
    "oof_wis": 2.0723651714626357,
    "oof_wis_folds": null,
    "insample_residuals": null,
    "mae": NaN,
    "rmse": null
  },
  "test_metrics": {
    "phase_id": "r9_per_model",
    "r2": 0.8656776302582703,
    "mae": 5.700771676532128,
    "rmse": 9.524901535239842,
    "mse": 90.72374925601429,
    "mape": 20.49381381632516,
    "smape": 19.748214996569565,
    "mdape": 14.648034653733884,
    "bias_mean_error": -0.7061079283119722,
    "msle": 0.0659105450325731,
    "theils_u": 0.9643553475280182,
    "mase_h1": 3.1725445461804425,
    "mase_h4": 1.2182258668717714,
    "mase_h13": 0.003472069585188159,
    "mase_h26": 5.279982583546035e-07,
    "mase_h52": 1.0694734525279361e-14,
    "tp": 45,
    "tn": 21,
    "fp": 1,
    "fn": 1,
    "sensitivity": 0.9655172413793104,
    "specificity": 0.9487179487179487,
    "ppv": 0.9333333333333333,
    "npv": 0.9736842105263158,
    "accuracy": 0.9705882352941176,
    "prevalence": 0.6764705882352942,
    "balanced_accuracy": 0.9664031620553359,
    "g_mean": 0.9663304126452619,
    "f1": 0.9491525423728815,
    "f2_score": 0.9782608695652174,
    "f05_score": 0.9782608695652174,
    "alert_f1": 0.9782608695652174,
    "youden_j": 0.914235190097259,
    "mcc": 0.9106192160459141,
    "dor": 945.0,
    "markedness": 0.9328063241106719,
    "cohens_kappa": 0.9102112676056339,
    "lr_positive": 18.827586206896537,
    "lr_negative": 0.036346691519105266,
    "direction_acc": 0.6716417910447762,
    "pi99_coverage": 1.0,
    "pi99_width": 78.47461868505573,
    "pi95_coverage": 0.9852941176470589,
    "pi95_width": 52.30379650675542,
    "pi80_coverage": 0.9264705882352942,
    "pi80_width": 19.0826375028185,
    "pi50_coverage": 0.8235294117647058,
    "pi50_width": 5.399984885711877,
    "pi_sharpness_ratio": 2.0125509847076213,
    "pi95_ci_lo": 0.8989536863477694,
    "pi95_ci_hi": 0.9918968204568701,
    "pi95_relia": 0.020588235294117685,
    "pi80_relia": 0.0235294117647058,
    "sigma_in_sample": 14.996713975033593,
    "alert_threshold": 8.6,
    "wis": 5.217512536582311,
    "log_wis": 0.16181086714413934,
    "wis_sharpness": 3.19532,
    "wis_underpred": 0.534382,
    "wis_overpred": 0.992091,
    "wis_total_decomp": 5.217513,
    "crps_gaussian": 5.5104165200262765,
    "pinball_q05": 1.2687851208621117,
    "pinball_q95": 1.460063657357644,
    "brier_score": 0.05271173529411765,
    "brier_skill": 0.7723908654005461,
    "brier_reliability": 0.032968,
    "brier_resolution": 0.198638,
    "brier_uncertainty": 0.218858,
    "roc_auc": 0.9901185770750989,
    "auprc": 0.9948613561324103,
    "partial_auc_high_spec": 0.03557312252964427,
    "calibration_slope": 2.0427984078303236,
    "calibration_intercept": -0.5310630964320848,
    "pit_mean": 0.5078814873607849,
    "pit_std": 0.18563218290389397,
    "pit_ks_p": 0.002197058101350069,
    "peak_week_err": 1.0,
    "peak_int_relerr": 0.05904432365182827,
    "epi_peak_mae": 21.524114890189757,
    "epi_season_total_mae": 48.01533912521381,
    "attack_rate_relerr": -0.02518658148002553,
    "growth_rate_corr": 0.494844275452265,
    "lead_time_weeks": 0.0,
    "season_onset_err": 0.0,
    "epidemic_duration_err": 1.0,
    "pearson_r": 0.9319089348367842,
    "spearman_r": 0.9479992747623605,
    "c_index": 0.8985507246376812,
    "cost_skill_3to1": 0.8717948717948718,
    "cost_skill_5to1": 0.8205128205128205,
    "cost_skill_10to1": 0.6923076923076923,
    "shapiro_wilk_p": 2.4248498230600462e-06,
    "jarque_bera_p": 4.06055648514272e-14,
    "residual_skew": -1.1047349891977345,
    "residual_kurtosis": 4.109018605575024,
    "residual_acf_lag1": 0.6288724370974936,
    "durbin_watson": 0.7477595053745669,
    "ljung_box_q": 68.69869870011188,
    "ljung_box_p": 7.902102696597248e-11,
    "n_test": 68,
    "n_valid": 68,
    "dm_z_stat": -0.9422772056718202,
    "dm_p_value": 0.34943603057705297,
    "dm_z_vs_climatology": NaN,
    "dm_p_vs_climatology": NaN,
    "dm_z_vs_lag52": NaN,
    "dm_p_vs_lag52": NaN,
    "dm_p_value_bh": NaN,
    "dm_p_vs_climatology_bh": NaN,
    "dm_p_vs_lag52_bh": NaN,
    "skill_mae_vs_persist": NaN,
    "skill_wis_vs_persist": NaN,
    "skill_crps_vs_persist": NaN,
    "skill_mae_vs_snaive": NaN,
    "relative_wis_pairwise": NaN,
    "rank_wis": NaN,
    "mae_ci95_lo": NaN,
    "mae_ci95_hi": NaN,
    "wis_ci95_lo": NaN,
    "wis_ci95_hi": NaN,
    "pi50_rel_width": 0.1926152559142471,
    "pi80_rel_width": 0.6806698877712953,
    "pi95_rel_width": 1.865655064348811,
    "rank_log_wis": NaN,
    "rank_mae": NaN,
    "rank_r2": NaN,
    "mae_ci95_lo_bs": NaN,
    "mae_ci95_hi_bs": NaN,
    "net_benefit_default": 0.3991596638655462,
    "pit_nonrand_mean": 0.5078814873607849,
    "pit_nonrand_std": 0.18701236683575365,
    "pit_nonrand_ks_p": 0.002197058101350069,
    "marginal_calib_max_diff": 0.21829023485163776,
    "marginal_calib_mean_diff": 0.03240799089507251,
    "picp95_low_tier": 1.0,
    "picp95_high_tier": 0.9705882352941176,
    "n": 68,
    "n_within_range": 61,
    "n_out_of_range": 7,
    "frac_out_of_range": 0.10294117647058823,
    "out_of_range_max_obs": 100.7,
    "within_range_r2": 0.8563898173984109,
    "within_range_mae": 4.5082986910966065,
    "out_of_range_mae": 16.09232197818453,
    "within_range_wis": NaN,
    "predictions_uncapped": [
      6.739400128340558,
      5.717535598950301,
      7.802651097058272,
      6.849612036732201,
      13.936484272397152,
      11.01190191386359,
      17.442810298538017,
      36.705547800329285,
      74.5481017466223,
      94.7542366082609,
      85.23422625960603,
      58.59201833716948,
      36.066515689686604,
      29.601619857368792,
      14.774613203294708,
      11.818656526310969,
      10.160373097106511,
      10.49765804881662,
      10.750465504321761,
      13.30815457551353,
      16.37519358326604,
      19.529067215680392,
      21.94407493546665,
      27.74311302010951,
      26.90044502522712,
      21.896312247342127,
      15.493061508323223,
      14.94284958571308,
      12.42194442873553,
      8.016430116985148,
      6.620765262014055,
      7.131831135620624,
      6.272186157538186,
      6.533180358713949,
      5.551538056211829,
      5.937684985337899,
      5.97820629710219,
      5.489079785446918,
      5.682881867726476,
      6.012566878599963,
      5.43036139877567,
      6.125542929559583,
      6.262173275925533,
      6.723456012067124,
      7.014869413766289,
      8.161841962699128,
      8.694909997519119,
      8.424643065553944,
      15.156790014739187,
      16.360478571944792,
      11.810278231197962,
      18.35844726162645,
      29.300521163468694,
      57.374125291414,
      75.30107911532215,
      83.5974961790362,
      89.5090892993966,
      72.68296023317632,
      60.96098135685733,
      52.69025168567332,
      44.451372164793355,
      38.266368450107635,
      47.13010982001933,
      52.23167136358704,
      56.29704105699873,
      56.00972181130752,
      62.867192733820076,
      58.39160624869864
    ],
    "was_capped": false,
    "phase_eval_r8": {
      "phase_id": "phase12_refit_Theta",
      "r2": 0.8656776302582703,
      "mae": 5.700771676532128,
      "rmse": 9.524901535239842,
      "mse": 90.72374925601429,
      "mape": 20.49381381632516,
      "smape": 19.748214996569565,
      "mdape": 14.648034653733886,
      "bias_mean_error": -0.7061079283119722,
      "msle": 0.0659105450325731,
      "theils_u": 0.24916000268406296,
      "mase_h1": 3.1725445461804425,
      "mase_h4": 1.2182258668717714,
      "mase_h13": 0.003472069585188159,
      "mase_h26": 5.279982583546035e-07,
      "mase_h52": 1.0694734525279361e-14,
      "tp": 45,
      "tn": 21,
      "fp": 1,
      "fn": 1,
      "sensitivity": 0.9782608695652174,