{
  "model": "Wallinga-Teunis",
  "best_config": {
    "transform": "identity",
    "scaler": "none",
    "n_features": null,
    "feature_indices": null,
    "preproc_optuna_params": null
  },
  "val_metrics": {
    "wis": NaN,
    "oof_wis": 3.3034005274975913,
    "oof_wis_folds": null,
    "insample_residuals": null,
    "mae": NaN,
    "rmse": null
  },
  "test_metrics": {
    "phase_id": "r9_per_model",
    "r2": 0.6897439906105599,
    "mae": 8.728782973134,
    "rmse": 14.475928298972653,
    "mse": 209.55250011699727,
    "mape": 29.520828652946257,
    "smape": 30.140003156561946,
    "mdape": 21.78244255094559,
    "bias_mean_error": -2.5097265514711875,
    "msle": 0.15461582934009724,
    "theils_u": 1.3259581782138783,
    "mase_h1": 4.857667415484837,
    "mase_h4": 1.8652964559089895,
    "mase_h13": 0.005316287617953337,
    "mase_h26": 8.084488326979737e-07,
    "mase_h52": 1.6375329854156582e-14,
    "tp": 43,
    "tn": 20,
    "fp": 2,
    "fn": 3,
    "sensitivity": 0.8620689655172413,
    "specificity": 0.8717948717948718,
    "ppv": 0.8333333333333334,
    "npv": 0.8947368421052632,
    "accuracy": 0.9264705882352942,
    "prevalence": 0.6764705882352942,
    "balanced_accuracy": 0.9219367588932806,
    "g_mean": 0.9218472604187214,
    "f1": 0.847457627118644,
    "f2_score": 0.9388646288209607,
    "f05_score": 0.9513274336283186,
    "alert_f1": 0.945054945054945,
    "youden_j": 0.7338638373121131,
    "mcc": 0.7309612662650955,
    "dor": 143.33333333333334,
    "markedness": 0.8251207729468599,
    "cohens_kappa": 0.7306338028169015,
    "lr_positive": 6.724137931034483,
    "lr_negative": 0.15821501014198788,
    "direction_acc": 0.6716417910447762,
    "pi99_coverage": 1.0,
    "pi99_width": 108.31201153093791,
    "pi95_coverage": 0.9264705882352942,
    "pi95_width": 72.43066138570748,
    "pi80_coverage": 0.8529411764705882,
    "pi80_width": 26.993247351271364,
    "pi50_coverage": 0.7647058823529411,
    "pi50_width": 8.707005049105206,
    "pi_sharpness_ratio": 2.7869946090051525,
    "pi95_ci_lo": 0.8781280481750362,
    "pi95_ci_hi": 0.9848833802919585,
    "pi95_relia": 0.005882352941176561,
    "pi80_relia": 0.0235294117647058,
    "sigma_in_sample": 14.996713975033593,
    "alert_threshold": 8.6,
    "wis": 7.126506960720413,
    "log_wis": 0.21615846233262137,
    "wis_sharpness": 3.19532,
    "wis_underpred": 0.861596,
    "wis_overpred": 2.310567,
    "wis_total_decomp": 7.126507,
    "crps_gaussian": 7.451806361284376,
    "pinball_q05": 1.4641775194349484,
    "pinball_q95": 2.305539218689059,
    "brier_score": 0.07185742647058824,
    "brier_skill": 0.689719821169696,
    "brier_reliability": 0.033159,
    "brier_resolution": 0.178417,
    "brier_uncertainty": 0.218858,
    "roc_auc": 0.9911067193675889,
    "auprc": 0.9955648374661774,
    "partial_auc_high_spec": 0.0849802371541502,
    "calibration_slope": 2.1776884673027372,
    "calibration_intercept": 0.19938504719639874,
    "pit_mean": 0.5314271332536334,
    "pit_std": 0.2246682819215835,
    "pit_ks_p": 0.004110431228999567,
    "peak_week_err": 2.0,
    "peak_int_relerr": 0.1730918122322311,
    "epi_peak_mae": 33.199274016898165,
    "epi_season_total_mae": 170.66140550004093,
    "attack_rate_relerr": -0.08952092130211144,
    "growth_rate_corr": 0.5566370145085109,
    "lead_time_weeks": -1.0,
    "season_onset_err": 1.0,
    "epidemic_duration_err": 1.0,
    "pearson_r": 0.8379927441544297,
    "spearman_r": 0.9027073969510278,
    "c_index": 0.8607817303469477,
    "cost_skill_3to1": 0.5641025641025641,
    "cost_skill_5to1": 0.3589743589743589,
    "cost_skill_10to1": -0.15384615384615374,
    "shapiro_wilk_p": 1.014754313995381e-06,
    "jarque_bera_p": 5.536683334739135e-14,
    "residual_skew": -1.3089212823402918,
    "residual_kurtosis": 3.833251216342078,
    "residual_acf_lag1": 0.7842315511213209,
    "durbin_watson": 0.43531432284022675,
    "ljung_box_q": 81.5764399368826,
    "ljung_box_p": 2.4628828580692847e-13,
    "n_test": 68,
    "n_valid": 68,
    "dm_z_stat": 2.73215099431525,
    "dm_p_value": 0.008037123002506474,
    "dm_z_vs_climatology": NaN,
    "dm_p_vs_climatology": NaN,
    "dm_z_vs_lag52": NaN,
    "dm_p_vs_lag52": NaN,
    "dm_p_value_bh": NaN,
    "dm_p_vs_climatology_bh": NaN,
    "dm_p_vs_lag52_bh": NaN,
    "skill_mae_vs_persist": NaN,
    "skill_wis_vs_persist": NaN,
    "skill_crps_vs_persist": NaN,
    "skill_mae_vs_snaive": NaN,
    "relative_wis_pairwise": NaN,
    "rank_wis": NaN,
    "mae_ci95_lo": NaN,
    "mae_ci95_hi": NaN,
    "wis_ci95_lo": NaN,
    "wis_ci95_hi": NaN,
    "pi50_rel_width": 0.3105753147971912,
    "pi80_rel_width": 0.9628381109508021,
    "pi95_rel_width": 2.5835721162406617,
    "rank_log_wis": NaN,
    "rank_mae": NaN,
    "rank_r2": NaN,
    "mae_ci95_lo_bs": NaN,
    "mae_ci95_hi_bs": NaN,
    "net_benefit_default": 0.33613445378151263,
    "pit_nonrand_mean": 0.5314271332536334,
    "pit_nonrand_std": 0.2263387010690393,
    "pit_nonrand_ks_p": 0.004110431228999567,
    "marginal_calib_max_diff": 0.22177359730472535,
    "marginal_calib_mean_diff": 0.032837047515215385,
    "picp95_low_tier": 1.0,
    "picp95_high_tier": 0.8529411764705882,
    "n": 68,
    "n_within_range": 61,
    "n_out_of_range": 7,
    "frac_out_of_range": 0.10294117647058823,
    "out_of_range_max_obs": 100.7,
    "within_range_r2": 0.7287987623724759,
    "within_range_mae": 6.400799632853618,
    "out_of_range_mae": 29.015494938434472,
    "within_range_wis": NaN,
    "predictions_uncapped": [
      3.839063192262944,
      3.844609586130409,
      4.237855758733521,
      4.479432024960889,
      5.14568402904034,
      6.301525121420722,
      10.505623198960908,
      21.786851377388196,
      48.3488739786704,
      74.90336444013258,
      83.26965450821433,
      72.33825998742752,
      54.519065971229416,
      40.60836778163512,
      26.985671229158815,
      19.102670641528544,
      14.342289801281117,
      11.845590872941456,
      10.54821402594317,
      11.681869542853692,
      13.602770618952439,
      16.221079368386153,
      18.795153914876867,
      22.958578437388976,
      24.751501610545844,
      22.73850300664782,
      18.98167708641977,
      16.26421798735532,
      13.779365060732593,
      10.991377743353468,
      8.99577153503985,
      8.045147015755678,
      7.029129828034107,
      6.515369418310764,
      5.727096749147083,
      5.468538931325501,
      5.431152128218884,
      5.486753014890262,
      5.449914003770556,
      5.7768773459575415,
      5.555432435249119,
      5.797145649473216,
      6.133969247424585,
      6.614177397949679,
      6.6627254627895915,
      6.865682393939795,
      7.410119154930104,
      8.269810204387195,
      11.181119192819464,
      13.224931095981175,
      11.015686012772607,
      13.122767890422432,
      19.51324073571769,
      37.03970840891069,
      54.84452288545239,
      68.02665773245621,
      74.20130053490888,
      70.81245388188769,
      63.110909389921396,
      54.70367187081812,
      48.58983397891249,
      44.97920004519107,
      47.550604105745606,
      51.21574334216458,
      55.02563661112455,
      55.3899182824198,
      58.525616563490125,
      58.69721240338974
    ],
    "was_capped": false,
    "phase_eval_r8": {
      "phase_id": "phase12_refit_Wallinga-Teunis",
      "r2": 0.6897439906105599,
      "mae": 8.728782973134,
      "rmse": 14.475928298972653,
      "mse": 209.55250011699727,
      "mape": 29.520828652946257,
      "smape": 30.140003156561946,
      "mdape": 21.782442550945586,
      "bias_mean_error": -2.5097265514711875,
      "msle": 0.15461582934009724,
      "theils_u": 0.37867292595959706,
      "mase_h1": 4.857667415484837,
      "mase_h4": 1.8652964559089895,
      "mase_h13": 0.005316287617953337,
      "mase_h26": 8.084488326979737e-07,
      "mase_h52": 1.6375329854156582e-14,
      "tp": 43,
      "tn": 20,
      "fp": 2,
      "fn": 3,