"model","train_n","test_n","R2","RMSE","MAE"
"TBATS",293,52,0.354036960980187,18.97226735949,12.6474339633647
"ETS",293,52,-0.0636661185595513,24.3454644645045,22.6227654186843
