{
  "phase_id": 2,
  "phase_tag": "baseline",
  "n_weeks": 68,
  "n_models": 37,
  "per_model": {
    "ARIMA": {
      "r2": 0.9251600338343694,
      "mae": 4.271744383160801,
      "rmse": 7.109730086300197,
      "mape_pct": 19.775544051089163,
      "n_nan": 0,
      "nan_frac": 0.0,
      "resid_acf_lag1": 0.20356330758439214
    },
    "SARIMA": {
      "r2": 0.8984153105122109,
      "mae": 5.96195154556341,
      "rmse": 8.283243930984696,
      "mape_pct": 30.271641621491842,
      "n_nan": 0,
      "nan_frac": 0.0,
      "resid_acf_lag1": 0.1774590228897132
    },
    "Theta": {
      "r2": 0.8605102713466967,
      "mae": 5.772762686706285,
      "rmse": 9.706383290910171,
      "mape_pct": 20.04925478437555,
      "n_nan": 0,
      "nan_frac": 0.0,
      "resid_acf_lag1": 0.6154825877012116
    },
    "SARIMAX": {
      "r2": 0.9165181519999674,
      "mae": 4.718521498091656,
      "rmse": 7.509004237138513,
      "mape_pct": 24.671414844865758,
      "n_nan": 0,
      "nan_frac": 0.0,
      "resid_acf_lag1": 0.2079771996632816
    },
    "SVR-Linear": {
      "r2": 0.9009034146875484,
      "mae": 4.684169729602051,
      "rmse": 8.181174709051689,
      "mape_pct": 16.632951425870235,
      "n_nan": 0,
      "nan_frac": 0.0,
      "resid_acf_lag1": 0.4918846129807191
    },
    "SVR-RBF": {
      "r2": -0.5019160194832981,
      "mae": 20.949961067679244,
      "rmse": 31.849978756769378,
      "mape_pct": 54.45710435707881,
      "n_nan": 0,
      "nan_frac": 0.0,
      "resid_acf_lag1": 0.9165721058562883
    },
    "BayesianRidge": {
      "r2": 0.9241879660108179,
      "mae": 4.370996616911897,
      "rmse": 7.155753910420074,
      "mape_pct": 20.646950710596077,
      "n_nan": 0,
      "nan_frac": 0.0,
      "resid_acf_lag1": 0.37209107040248074
    },
    "ElasticNet": {
      "r2": 0.8763913844869871,
      "mae": 5.2949328995552385,
      "rmse": 9.137148711095708,
      "mape_pct": 21.026261718407877,
      "n_nan": 0,
      "nan_frac": 0.0,
      "resid_acf_lag1": 0.604726152904581
    },
    "CQR-QuantReg": {
      "r2": 0.9359200860850326,
      "mae": 4.132627787873491,
      "rmse": 6.5788090635242735,
      "mape_pct": 23.63153486452779,
      "n_nan": 0,
      "nan_frac": 0.0,
      "resid_acf_lag1": 0.2966048399140401
    },
    "KRR": {
      "r2": 0.9234971149849686,
      "mae": 4.394454981586887,
      "rmse": 7.188284027480958,
      "mape_pct": 20.736818294504356,
      "n_nan": 0,
      "nan_frac": 0.0,
      "resid_acf_lag1": 0.3791767162364365
    },
    "NegBinGLM": {
      "r2": 0.9273917054784121,
      "mae": 4.255560197750061,
      "rmse": 7.002924435754661,
      "mape_pct": 20.20269826418987,
      "n_nan": 0,
      "nan_frac": 0.0,
      "resid_acf_lag1": 0.3358608466994988
    },
    "EpiEstim": {
      "r2": 0.689057765542205,
      "mae": 8.858767857142857,
      "rmse": 14.491928404984034,
      "mape_pct": 33.24107066420278,
      "n_nan": 0,
      "nan_frac": 0.0,
      "resid_acf_lag1": 0.7736280065131049
    },
    "hhh4-equivalent": {
      "r2": -3.5574182422005363,
      "mae": 44.139600840336136,
      "rmse": 55.48118972873136,
      "mape_pct": 243.73773554241808,
      "n_nan": 0,
      "nan_frac": 0.0,
      "resid_acf_lag1": 0.9048606649636907
    },
    "Wallinga-Teunis": {
      "r2": 0.6669647486695927,
      "mae": 8.895670121469227,
      "rmse": 14.997933545896737,
      "mape_pct": 30.86928728887938,
      "n_nan": 0,
      "nan_frac": 0.0,
      "resid_acf_lag1": 0.7832931209491688
    },
    "XGBoost": {
      "r2": 0.6926196773456177,
      "mae": 9.02745192992587,
      "rmse": 14.408685209659291,
      "mape_pct": 27.793085228761928,
      "n_nan": 0,
      "nan_frac": 0.0,
      "resid_acf_lag1": 0.8579623670035951
    },
    "GAM-Spline": {
      "r2": 0.5959247475635909,
      "mae": 9.50818630143712,
      "rmse": 16.520281706546317,
      "mape_pct": 30.580430453891843,
      "n_nan": 0,
      "nan_frac": 0.0,
      "resid_acf_lag1": 0.6916885750608688
    },
    "LightGBM": {
      "r2": 0.616751648495028,
      "mae": 9.897058098174698,
      "rmse": 16.08890435785079,
      "mape_pct": 29.190490311480204,
      "n_nan": 0,
      "nan_frac": 0.0,
      "resid_acf_lag1": 0.8398080558065573
    },
    "PoissonAutoreg": {
      "r2": 0.9072839031458944,
      "mae": 4.574310232663603,
      "rmse": 7.913414100582556,
      "mape_pct": 18.971079352119016,
      "n_nan": 0,
      "nan_frac": 0.0,
      "resid_acf_lag1": 0.4778058222382661
    },
    "RandomForest": {
      "r2": 0.7540439476463209,
      "mae": 7.779222807228405,
      "rmse": 12.888877000473256,
      "mape_pct": 21.845297822657525,
      "n_nan": 0,
      "nan_frac": 0.0,
      "resid_acf_lag1": 0.8303522870531076
    },
    "CQR-LightGBM": {
      "r2": 0.6693289737992381,
      "mae": 10.475660629462245,
      "rmse": 14.944603386739715,
      "mape_pct": 61.23660988045875,
      "n_nan": 0,
      "nan_frac": 0.0,
      "resid_acf_lag1": 0.8595237324581644
    },
    "DNN": {
      "r2": 0.7059585262002743,
      "mae": 8.769231004674895,
      "rmse": 14.092583530509849,
      "mape_pct": 32.12165792000862,
      "n_nan": 0,
      "nan_frac": 0.0,
      "resid_acf_lag1": 0.808026378751308
    },
    "BayesianMCMC": {
      "r2": 0.9227407748404025,
      "mae": 4.354887883257963,
      "rmse": 7.223729855413852,
      "mape_pct": 20.203598612062397,
      "n_nan": 0,
      "nan_frac": 0.0,
      "resid_acf_lag1": 0.3974816409895518
    },
    "DLinear": {
      "r2": 0.9084920540472756,
      "mae": 5.2204264869209105,
      "rmse": 7.861686577028999,
      "mape_pct": 26.816252037991372,
      "n_nan": 0,
      "nan_frac": 0.0,
      "resid_acf_lag1": 0.24066860241008758
    },
    "N-BEATS": {
      "r2": -1.1413585511282438,
      "mae": 27.811292532656125,
      "rmse": 38.03041094430263,
      "mape_pct": 98.42488899394067,
      "n_nan": 0,
      "nan_frac": 0.0,
      "resid_acf_lag1": 0.9261653172611075
    },
    "N-HiTS": {
      "r2": -1.0263131032825745,
      "mae": 26.42771957621855,
      "rmse": 36.99470756459867,
      "mape_pct": 87.74527824099594,
      "n_nan": 0,
      "nan_frac": 0.0,
      "resid_acf_lag1": 0.9282942967332752
    },
    "TCN": {
      "r2": 0.37396898059983974,
      "mae": 12.640062454568238,
      "rmse": 20.56289456073723,
      "mape_pct": 49.72614130624991,
      "n_nan": 0,
      "nan_frac": 0.0,
      "resid_acf_lag1": 0.888922202116819
    },
    "PatchTST": {
      "r2": 0.513817455341436,
      "mae": 10.96573089431314,
      "rmse": 18.121160353372773,
      "mape_pct": 30.643325576549262,
      "n_nan": 0,
      "nan_frac": 0.0,
      "resid_acf_lag1": 0.8729515873731627
    },
    "iTransformer": {
      "r2": 0.018127941756621913,
      "mae": 16.342888930665346,
      "rmse": 25.75216657391939,
      "mape_pct": 49.25544499195077,
      "n_nan": 0,
      "nan_frac": 0.0,
      "resid_acf_lag1": 0.8925875172854711
    },
    "DNN-Conformal": {
      "r2": 0.9254794375144952,
      "mae": 4.2663789935472645,
      "rmse": 7.094542331838767,
      "mape_pct": 19.950721056202013,
      "n_nan": 0,
      "nan_frac": 0.0,
      "resid_acf_lag1": 0.316017018735781
    },
    "TimesFM-2.5": {
      "r2": 0.9239849467018402,
      "mae": 4.442133062226432,
      "rmse": 7.1653288079858175,
      "mape_pct": 16.5387313544835,
      "n_nan": 0,
      "nan_frac": 0.0,
      "resid_acf_lag1": 0.28442237755405486
    },
    "TabPFN": {
      "r2": 0.9115829853042969,
      "mae": 4.861982573982047,
      "rmse": 7.727771034409908,
      "mape_pct": 19.89595325605758,
      "n_nan": 0,
      "nan_frac": 0.0,
      "resid_acf_lag1": 0.6494864429404595
    },
    "TiRex": {
      "r2": 0.9373771505089276,
      "mae": 3.8782565467497885,
      "rmse": 6.503583713881896,
      "mape_pct": 15.36148337869375,
      "n_nan": 0,
      "nan_frac": 0.0,
      "resid_acf_lag1": 0.1516265260740968
    },
    "GAT": {
      "r2": 0.6539598539778563,