{
  "method": {
    "profile_likelihood": "Raue et al. 2009 (fix-param, minimise over nuisance)",
    "posterior_correlation": "ABC-SMC (Toni 2009) + sloppiness (Gutenkunst 2007)",
    "observation_model": "scale-invariant epidemic SHAPE summary of city I(t) vs real national ILI",
    "observed_season": "2023-24",
    "x_obs": [
      0.25,
      3.3171,
      1.1696,
      2.9272
    ]
  },
  "config": {
    "priors": {
      "alpha": [
        0.5,
        3.5
      ],
      "kappa": [
        0.05,
        0.4
      ],
      "tau": [
        40.0,
        140.0
      ],
      "theta": [
        0.03,
        0.3
      ]
    },
    "grid_points": 13,
    "nuisance_iters": 160,
    "abc_particles": 240,
    "abc_tolerance_schedule": [
      1.25,
      1.15,
      1.05,
      0.95
    ],
    "seed": 42,
    "total_simulator_calls": 14811,
    "elapsed_sec": 356.2
  },
  "posterior_summary": {
    "param_names": [
      "alpha",
      "kappa",
      "tau",
      "theta"
    ],
    "posterior_mean": [
      3.0207,
      0.0658,
      70.1884,
      0.0939
    ],
    "posterior_std": [
      0.3827,
      0.0132,
      23.0231,
      0.0368
    ],
    "ci95": [
      [
        2.1096,
        3.4827
      ],
      [
        0.0512,
        0.0969
      ],
      [
        40.9345,
        125.5421
      ],
      [
        0.0398,
        0.1866
      ]
    ],
    "ci_width_vs_prior": [
      0.458,
      0.13,
      0.846,
      0.544
    ],
    "accept_counts": [
      240,
      240,
      240,
      240
    ],
    "tolerance_schedule": [
      1.25,
      1.15,
      1.05,
      0.95
    ],
    "posterior_std_per_round": [
      [
        0.8791350173642821,
        0.08160690297343548,
        30.435531609417236,
        0.07474493890056122
      ],
      [
        0.6294002027738231,
        0.04374527229958619,
        27.20800648369059,
        0.0742332366252921
      ],
      [
        0.519538513329992,
        0.02378920035070083,
        28.04273493960258,
        0.07002289033903183
      ],
      [
        0.38267658713351227,
        0.013195625483680123,
        23.0230745787947,
        0.03680460784969669
      ]
    ]
  },
  "per_param": {
    "alpha": {
      "label": "α (risk perception)",
      "profile_interval_frac": 0.4615,
      "profile_identifiable": true,
      "posterior_ci_width_vs_prior": 0.458,
      "posterior_identifiable": true,
      "status": "identifiable"
    },
    "kappa": {
      "label": "κ (fatigue weight)",
      "profile_interval_frac": 0.2308,
      "profile_identifiable": true,
      "posterior_ci_width_vs_prior": 0.13,
      "posterior_identifiable": true,
      "status": "identifiable"
    },
    "tau": {
      "label": "τ (fatigue time-constant, d)",
      "profile_interval_frac": 0.6923,
      "profile_identifiable": false,
      "posterior_ci_width_vs_prior": 0.846,
      "posterior_identifiable": false,
      "status": "sloppy"
    },
    "theta": {
      "label": "θ (compliance threshold)",
      "profile_interval_frac": 0.5385,
      "profile_identifiable": false,
      "posterior_ci_width_vs_prior": 0.544,
      "posterior_identifiable": false,
      "status": "sloppy"
    }
  },
  "identifiable": [
    "alpha",
    "kappa"
  ],
  "sloppy": [
    "tau",
    "theta"
  ],
  "weakly_identifiable": [],
  "strong_correlation_pairs": [],
  "thresholds": {
    "profile_loss_threshold_abs": 0.1,
    "interval_frac_identifiable": 0.5,
    "posterior_ci_width_identifiable": 0.5,
    "corr_strong": 0.6
  },
  "verdict_paragraph": "Practical-identifiability analysis of the four behavioural parameters against real single-city Seoul ILI shape. IDENTIFIABLE (sharp profile AND tight posterior): alpha, kappa. SLOPPY / non-identifiable (flat profile AND broad posterior): tau, theta. WEAKLY identifiable (diagnostics split): none. No strong pairwise posterior correlation. This empirically quantifies the [26] (Verelst et al.) critique that behaviour-change parameters are only weakly identified from epidemic curves alone, and complements the toy-only S3.3 SBC with the real 4-parameter ABM.",
  "profile_curves": {
    "alpha": {
      "values": [
        0.5,
        0.75,
        1.0,
        1.25,
        1.5,
        1.75,
        2.0,
        2.25,
        2.5,
        2.75,
        3.0,
        3.25,
        3.5
      ],
      "profile_loss": [
        1.195,
        1.1428,
        1.1263,
        1.0869,
        1.0697,
        1.0108,
        0.9421,
        0.9763,
        0.9022,
        0.936,
        0.8592,
        0.8656,
        0.8894
      ]
    },
    "kappa": {
      "values": [
        0.05,
        0.0792,
        0.1083,
        0.1375,
        0.1667,
        0.1958,
        0.225,
        0.2542,
        0.2833,
        0.3125,
        0.3417,
        0.3708,
        0.4
      ],
      "profile_loss": [
        0.8322,
        0.9084,
        0.9007,
        1.0083,
        1.0791,
        1.0482,
        1.1122,
        1.1323,
        1.1326,
        1.1769,
        1.1851,
        1.1948,
        1.1887
      ]
    },
    "tau": {
      "values": [
        40.0,
        48.3333,
        56.6667,
        65.0,
        73.3333,
        81.6667,
        90.0,
        98.3333,
        106.6667,
        115.0,
        123.3333,
        131.6667,
        140.0
      ],
      "profile_loss": [
        0.8998,
        0.8447,
        0.9341,
        0.9247,
        0.937,
        0.9389,
        0.943,
        0.9242,
        0.9915,
        0.9443,
        0.9619,
        0.9466,
        0.9797
      ]
    },
    "theta": {
      "values": [
        0.03,
        0.0525,
        0.075,
        0.0975,
        0.12,
        0.1425,
        0.165,
        0.1875,
        0.21,
        0.2325,
        0.255,
        0.2775,
        0.3
      ],
      "profile_loss": [
        0.9306,
        0.8896,
        0.8607,
        0.855,
        0.8741,
        0.9487,
        0.9437,
        0.971,
        0.9686,
        0.9905,
        0.9802,
        1.0191,
        1.0182
      ]
    }
  },
  "read_only_guarantee": {
    "db_writes": 0,
    "model_retraining": 0,
    "sqlite_writes": 0,
    "db_access": "read_only (load_weekly_ili → read_only_connect)"
  }
}