{
  "r_eff": 1.3,
  "beta": 0.23399999999999999,
  "gamma": 0.18,
  "n_districts": 25,
  "import_fraction": {
    "종로구": 0.2715,
    "중구": 0.3826,
    "용산구": 0.0994,
    "성동구": 0.0447,
    "광진구": 0.0593,
    "동대문구": 0.0262,
    "중랑구": 0.1613,
    "성북구": 0.1095,
    "강북구": 0.1559,
    "도봉구": 0.1606,
    "노원구": 0.1028,
    "은평구": 0.1651,
    "서대문구": 0.0409,
    "마포구": 0.0727,
    "양천구": 0.1207,
    "강서구": 0.0307,
    "구로구": 0.0249,
    "금천구": 0.0521,
    "영등포구": 0.1447,
    "동작구": 0.1229,
    "관악구": 0.1505,
    "서초구": 0.2165,
    "강남구": 0.2956,
    "송파구": 0.0174,
    "강동구": 0.1059
  },
  "district_in": {
    "종로구": 1.1177,
    "중구": 0.9967,
    "용산구": 1.2471,
    "성동구": 1.2879,
    "광진구": 1.2998,
    "동대문구": 1.2984,
    "중랑구": 1.3008,
    "성북구": 1.3322,
    "강북구": 1.2551,
    "도봉구": 1.2486,
    "노원구": 1.3527,
    "은평구": 1.3642,
    "서대문구": 1.2917,
    "마포구": 1.2997,
    "양천구": 1.3108,
    "강서구": 1.3214,
    "구로구": 1.3022,
    "금천구": 1.2658,
    "영등포구": 1.3047,
    "동작구": 1.3137,
    "관악구": 1.3781,
    "서초구": 1.3477,
    "강남구": 1.5673,
    "송파구": 1.318,
    "강동구": 1.3778
  },
  "district_out": {
    "종로구": 1.3,
    "중구": 1.3,
    "용산구": 1.3,
    "성동구": 1.3,
    "광진구": 1.3,
    "동대문구": 1.3,
    "중랑구": 1.3,
    "성북구": 1.3,
    "강북구": 1.3,
    "도봉구": 1.3,
    "노원구": 1.3,
    "은평구": 1.3,
    "서대문구": 1.3,
    "마포구": 1.3,
    "양천구": 1.3,
    "강서구": 1.3,
    "구로구": 1.3,
    "금천구": 1.3,
    "영등포구": 1.3,
    "동작구": 1.3,
    "관악구": 1.3,
    "서초구": 1.3,
    "강남구": 1.3,
    "송파구": 1.3,
    "강동구": 1.3
  },
  "moran_import_fraction": {
    "moran_i": 0.0613,
    "expected_i": -0.0417,
    "p_value": 0.028,
    "n": 25
  },
  "convergent_validity_vs_daytime_influx": {
    "spearman_rho": 0.0692,
    "p_value": 0.74229
  },
  "leak_free": "commuter matrix M=KOSIS OD (pre-forecast) + populations; no forward ILI read"
}