{
  "reference_wis": 2.4012,
  "n": 132,
  "standalones": {
    "tweedie": {
      "wis": 2.2427,
      "dm_p": 3.353596273569792e-06,
      "dm_meandiff": -0.1585,
      "picp95": 0.9318,
      "k_of_n": "123/132",
      "cp95ci": [
        0.875,
        0.968
      ],
      "last34_wis": 2.6491,
      "mean_w95": 17.518,
      "peak_picp95": 0.8696,
      "n_peak": 23,
      "peak_wis": 5.9489
    },
    "spci_bag": {
      "wis": 2.3449,
      "dm_p": 0.010397908547008283,
      "dm_meandiff": -0.0563,
      "picp95": 0.9545,
      "k_of_n": "126/132",
      "cp95ci": [
        0.904,
        0.983
      ],
      "last34_wis": 2.6772,
      "mean_w95": 21.53,
      "peak_picp95": 0.7826,
      "n_peak": 23,
      "peak_wis": 6.1787
    },
    "tweedie_train_cap_wis": 2.2425
  },
  "tweedie_p_star": 1.5,
  "tweedie_val_p_scores": {
    "1.1": 1.58,
    "1.2": 1.5665,
    "1.3": 1.5521,
    "1.4": 1.5401,
    "1.5": 1.536,
    "1.6": 1.5407
  },
  "spci_config": "bagged-QRF[12, 16, 20, 24] beta_expanding seed0=125",
  "candidates": [
    {
      "config": "blend_w0.00",
      "kind": "blend",
      "val_wis": 1.6706,
      "wis": 2.3449,
      "dm_p": 0.010397908547008283,
      "dm_meandiff": -0.0563,
      "picp95": 0.9545,
      "k_of_n": "126/132",
      "cp95ci": [
        0.904,
        0.983
      ],
      "last34_wis": 2.6772,
      "mean_w95": 21.53,
      "peak_picp95": 0.7826,
      "n_peak": 23,
      "peak_wis": 6.1787,
      "dm_p_vs_tweedie": 0.0008,
      "dm_diff_vs_tweedie": 0.1022,
      "dm_p_vs_spci": 1.0,
      "dm_diff_vs_spci": 0.0,
      "w": 0.0
    },
    {
      "config": "blend_w0.25",
      "kind": "blend",
      "val_wis": 1.607,
      "wis": 2.309,
      "dm_p": 2.7545570180365075e-05,
      "dm_meandiff": -0.0922,
      "picp95": 0.9545,
      "k_of_n": "126/132",
      "cp95ci": [
        0.904,
        0.983
      ],
      "last34_wis": 2.6536,
      "mean_w95": 20.527,
      "peak_picp95": 0.7826,
      "n_peak": 23,
      "peak_wis": 6.0984,
      "dm_p_vs_tweedie": 0.0041,
      "dm_diff_vs_tweedie": 0.0663,
      "dm_p_vs_spci": 0.0,
      "dm_diff_vs_spci": -0.0359,
      "w": 0.25
    },
    {
      "config": "blend_w0.50",
      "kind": "blend",
      "val_wis": 1.5702,
      "wis": 2.2786,
      "dm_p": 6.308346056638214e-07,
      "dm_meandiff": -0.1226,
      "picp95": 0.9545,
      "k_of_n": "126/132",
      "cp95ci": [
        0.904,
        0.983
      ],
      "last34_wis": 2.6361,
      "mean_w95": 19.524,
      "peak_picp95": 0.8261,
      "n_peak": 23,
      "peak_wis": 6.0278,
      "dm_p_vs_tweedie": 0.0209,
      "dm_diff_vs_tweedie": 0.0359,
      "dm_p_vs_spci": 0.0,
      "dm_diff_vs_spci": -0.0663,
      "w": 0.5
    },
    {
      "config": "blend_w0.75",
      "kind": "blend",
      "val_wis": 1.547,
      "wis": 2.2572,
      "dm_p": 5.961146165578413e-07,
      "dm_meandiff": -0.1439,
      "picp95": 0.947,
      "k_of_n": "125/132",
      "cp95ci": [
        0.894,
        0.978
      ],
      "last34_wis": 2.6343,
      "mean_w95": 18.521,
      "peak_picp95": 0.8696,
      "n_peak": 23,
      "peak_wis": 5.9807,
      "dm_p_vs_tweedie": 0.0744,
      "dm_diff_vs_tweedie": 0.0145,
      "dm_p_vs_spci": 0.0001,
      "dm_diff_vs_spci": -0.0877,
      "w": 0.75
    },
    {
      "config": "blend_w1.00",
      "kind": "blend",
      "val_wis": 1.536,
      "wis": 2.2427,
      "dm_p": 3.353596273569792e-06,
      "dm_meandiff": -0.1585,
      "picp95": 0.9318,
      "k_of_n": "123/132",
      "cp95ci": [
        0.875,
        0.968
      ],
      "last34_wis": 2.6491,
      "mean_w95": 17.518,
      "peak_picp95": 0.8696,
      "n_peak": 23,
      "peak_wis": 5.9489,
      "dm_p_vs_tweedie": 1.0,
      "dm_diff_vs_tweedie": 0.0,
      "dm_p_vs_spci": 0.0008,
      "dm_diff_vs_spci": -0.1022,
      "w": 1.0
    },
    {
      "config": "env_L4_thr0.0_lam0.5",
      "kind": "env",
      "val_wis": 1.5353,
      "wis": 2.2335,
      "dm_p": 1.3102137179643591e-06,
      "dm_meandiff": -0.1677,
      "picp95": 0.9394,
      "k_of_n": "124/132",
      "cp95ci": [
        0.884,
        0.973
      ],
      "last34_wis": 2.6271,
      "mean_w95": 18.037,
      "peak_picp95": 0.8696,
      "n_peak": 23,
      "peak_wis": 5.9136,
      "dm_p_vs_tweedie": 0.2095,
      "dm_diff_vs_tweedie": -0.0092,
      "dm_p_vs_spci": 0.0001,
      "dm_diff_vs_spci": -0.1114,
      "L": 4,
      "thr": 0.0,
      "lam": 0.5,
      "n_flag": 78
    },
    {
      "config": "env_L4_thr0.0_lam1.0",
      "kind": "env",
      "val_wis": 1.5346,
      "wis": 2.229,
      "dm_p": 1.7842493376107882e-06,
      "dm_meandiff": -0.1722,
      "picp95": 0.9394,
      "k_of_n": "124/132",
      "cp95ci": [
        0.884,
        0.973
      ],
      "last34_wis": 2.6135,
      "mean_w95": 18.556,
      "peak_picp95": 0.8696,
      "n_peak": 23,
      "peak_wis": 5.8873,
      "dm_p_vs_tweedie": 0.28,
      "dm_diff_vs_tweedie": -0.0137,
      "dm_p_vs_spci": 0.0001,
      "dm_diff_vs_spci": -0.1159,
      "L": 4,
      "thr": 0.0,
      "lam": 1.0,
      "n_flag": 78
    },
    {
      "config": "env_L4_thr1.0_lam0.5",
      "kind": "env",
      "val_wis": 1.5357,
      "wis": 2.2363,
      "dm_p": 2.5178147426974107e-06,
      "dm_meandiff": -0.1649,
      "picp95": 0.9318,
      "k_of_n": "123/132",
      "cp95ci": [
        0.875,
        0.968
      ],
      "last34_wis": 2.6252,
      "mean_w95": 17.688,
      "peak_picp95": 0.8696,
      "n_peak": 23,
      "peak_wis": 5.9136,
      "dm_p_vs_tweedie": 0.3294,
      "dm_diff_vs_tweedie": -0.0064,
      "dm_p_vs_spci": 0.0002,
      "dm_diff_vs_spci": -0.1086,
      "L": 4,
      "thr": 1.0,
      "lam": 0.5,
      "n_flag": 38
    },
    {
      "config": "env_L4_thr1.0_lam1.0",
      "kind": "env",
      "val_wis": 1.5353,
      "wis": 2.2315,
      "dm_p": 3.4758319056305e-06,
      "dm_meandiff": -0.1697,
      "picp95": 0.9318,
      "k_of_n": "123/132",
      "cp95ci": [
        0.875,
        0.968
      ],
      "last34_wis": 2.6072,
      "mean_w95": 17.859,
      "peak_picp95": 0.8696,
      "n_peak": 23,
      "peak_wis": 5.8873,
      "dm_p_vs_tweedie": 0.3367,
      "dm_diff_vs_tweedie": -0.0112,
      "dm_p_vs_spci": 0.0001,
      "dm_diff_vs_spci": -0.1134,
      "L": 4,
      "thr": 1.0,
      "lam": 1.0,
      "n_flag": 38
    },
    {
      "config": "env_L6_thr0.0_lam0.5",
      "kind": "env",
      "val_wis": 1.5348,
      "wis": 2.2362,
      "dm_p": 2.0903233819424827e-06,
      "dm_meandiff": -0.165,
      "picp95": 0.9394,
      "k_of_n": "124/132",
      "cp95ci": [
        0.884,
        0.973
      ],
      "last34_wis": 2.6275,
      "mean_w95": 18.081,
      "peak_picp95": 0.8696,
      "n_peak": 23,
      "peak_wis": 5.9139,
      "dm_p_vs_tweedie": 0.3721,
      "dm_diff_vs_tweedie": -0.0065,
      "dm_p_vs_spci": 0.0002,
      "dm_diff_vs_spci": -0.1087,
      "L": 6,
      "thr": 0.0,
      "lam": 0.5,
      "n_flag": 79
    },
    {
      "config": "env_L6_thr0.0_lam1.0",
      "kind": "env",
      "val_wis": 1.5338,
      "wis": 2.2345,
      "dm_p": 4.271800485788901e-06,
      "dm_meandiff": -0.1666,
      "picp95": 0.9394,
      "k_of_n": "124/132",
      "cp95ci": [
        0.884,
        0.973
      ],
      "last34_wis": 2.6137,
      "mean_w95": 18.645,
      "peak_picp95": 0.8696,
      "n_peak": 23,
      "peak_wis": 5.8877,
      "dm_p_vs_tweedie": 0.5179,
      "dm_diff_vs_tweedie": -0.0082,
      "dm_p_vs_spci": 0.0001,
      "dm_diff_vs_spci": -0.1104,
      "L": 6,
      "thr": 0.0,
      "lam": 1.0,
      "n_flag": 79
    },
    {
      "config": "env_L6_thr1.0_lam0.5",
      "kind": "env",
      "val_wis": 1.5354,
      "wis": 2.2339,
      "dm_p": 1.7362335968940101e-06,
      "dm_meandiff": -0.1672,
      "picp95": 0.9394,
      "k_of_n": "124/132",
      "cp95ci": [
        0.884,
        0.973
      ],
      "last34_wis": 2.6252,
      "mean_w95": 17.719,
      "peak_picp95": 0.8696,
      "n_peak": 23,