{
  "reference_wis_2p4012": 2.4012,
  "tweedie_baseline_wis": 2.2427,
  "tweedie_baseline_peak_picp95": 0.87,
  "n": 132,
  "n_peak": 23,
  "family_val_winners": {
    "regime": {
      "config": "regime_p1.5_w3_r3_k50",
      "val_wis": 1.5462,
      "wis": 2.2474,
      "dm_p_vs_tweedie": 0.763801972476116,
      "dm_p_vs_ref": 0.00011551916422569697,
      "picp95": 0.9091,
      "k_of_n": "120/132",
      "cp95ci": [
        0.847,
        0.952
      ],
      "peak_picp95": 0.87,
      "last34_wis": 2.6333,
      "mean_w95": 19.221
    },
    "harmonic": {
      "config": "harm_p1.5_h1",
      "val_wis": 1.4758,
      "wis": 2.2038,
      "dm_p_vs_tweedie": 0.3550515308553588,
      "dm_p_vs_ref": 0.0009326406744269988,
      "picp95": 0.9318,
      "k_of_n": "123/132",
      "cp95ci": [
        0.875,
        0.968
      ],
      "peak_picp95": 0.826,
      "last34_wis": 2.6198,
      "mean_w95": 17.605
    },
    "asym": {
      "config": "asym_lo1.4_hi1.7",
      "val_wis": 1.5235,
      "wis": 2.24,
      "dm_p_vs_tweedie": 0.8900498979731286,
      "dm_p_vs_ref": 5.663367557340315e-05,
      "picp95": 0.9167,
      "k_of_n": "121/132",
      "cp95ci": [
        0.856,
        0.958
      ],
      "peak_picp95": 0.783,
      "last34_wis": 2.6334,
      "mean_w95": 18.781
    },
    "combo": {
      "config": "combo_w3_r3_k50_lo1.4_hi1.7",
      "val_wis": 1.5333,
      "wis": 2.2444,
      "dm_p_vs_tweedie": 0.9527297121603093,
      "dm_p_vs_ref": 0.000984386026940287,
      "picp95": 0.9167,
      "k_of_n": "121/132",
      "cp95ci": [
        0.856,
        0.958
      ],
      "peak_picp95": 0.826,
      "last34_wis": 2.6337,
      "mean_w95": 19.192
    }
  },
  "honest_headline": {
    "config": "harm_p1.5_h1",
    "family": "harmonic",
    "val_wis": 1.4758,
    "wis": 2.2038,
    "dm_p_vs_ref": 0.0009326406744269988,
    "dm_p_vs_tweedie": 0.3550515308553588,
    "dm_meandiff_vs_tweedie": -0.0389,
    "picp95": 0.9318,
    "k_of_n": "123/132",
    "cp95ci": [
      0.875,
      0.968
    ],
    "peak_picp95": 0.826,
    "n_peak": 23,
    "last34_wis": 2.6198,
    "mean_w95": 17.605
  },
  "headline_beats_tweedie_wis_and_dm": false,
  "headline_beats_tweedie_wis_point": true,
  "headline_cap_train_only_wis": 2.2035,
  "headline_cap_binds_train_only": true,
  "rows": [
    {
      "wis": 2.2427,
      "dm_p_vs_ref": 3.353596273569792e-06,
      "dm_meandiff_vs_ref": -0.1585,
      "dm_p_vs_tweedie": 1.0,
      "dm_meandiff_vs_tweedie": 0.0,
      "picp95": 0.9318,
      "k_of_n": "123/132",
      "cp95ci": [
        0.875,
        0.968
      ],
      "peak_picp95": 0.87,
      "n_peak": 23,
      "last34_wis": 2.6491,
      "mean_w95": 17.518,
      "config": "tweedie_p1.5_global",
      "family": "baseline",
      "val_wis": 1.536
    },
    {
      "wis": 2.2622,
      "dm_p_vs_ref": 0.0002468999641236369,
      "dm_meandiff_vs_ref": -0.139,
      "dm_p_vs_tweedie": 0.3640885473885238,
      "dm_meandiff_vs_tweedie": 0.0195,
      "picp95": 0.9318,
      "k_of_n": "123/132",
      "cp95ci": [
        0.875,
        0.968
      ],
      "peak_picp95": 0.826,
      "n_peak": 23,
      "last34_wis": 2.6191,
      "mean_w95": 19.888,
      "config": "regime_p1.4_w3_r2_k20",
      "family": "regime",
      "val_wis": 1.5805
    },
    {
      "wis": 2.2588,
      "dm_p_vs_ref": 5.941484640281658e-05,
      "dm_meandiff_vs_ref": -0.1424,
      "dm_p_vs_tweedie": 0.3476989008150242,
      "dm_meandiff_vs_tweedie": 0.0161,
      "picp95": 0.9242,
      "k_of_n": "122/132",
      "cp95ci": [
        0.865,
        0.963
      ],
      "peak_picp95": 0.826,
      "n_peak": 23,
      "last34_wis": 2.6207,
      "mean_w95": 19.503,
      "config": "regime_p1.4_w3_r2_k50",
      "family": "regime",
      "val_wis": 1.5663
    },
    {
      "wis": 2.2635,
      "dm_p_vs_ref": 0.0006861483542413005,
      "dm_meandiff_vs_ref": -0.1377,
      "dm_p_vs_tweedie": 0.31788137337669475,
      "dm_meandiff_vs_tweedie": 0.0208,
      "picp95": 0.9242,
      "k_of_n": "122/132",
      "cp95ci": [
        0.865,
        0.963
      ],
      "peak_picp95": 0.87,
      "n_peak": 23,
      "last34_wis": 2.6265,
      "mean_w95": 20.338,
      "config": "regime_p1.4_w3_r3_k20",
      "family": "regime",
      "val_wis": 1.5594
    },
    {
      "wis": 2.2575,
      "dm_p_vs_ref": 7.824998687411266e-05,
      "dm_meandiff_vs_ref": -0.1437,
      "dm_p_vs_tweedie": 0.31091143448790315,
      "dm_meandiff_vs_tweedie": 0.0148,
      "picp95": 0.9242,
      "k_of_n": "122/132",
      "cp95ci": [
        0.865,
        0.963
      ],
      "peak_picp95": 0.87,
      "n_peak": 23,
      "last34_wis": 2.6292,
      "mean_w95": 19.777,
      "config": "regime_p1.4_w3_r3_k50",
      "family": "regime",
      "val_wis": 1.5519
    },
    {
      "wis": 2.2675,
      "dm_p_vs_ref": 0.000318021493652898,
      "dm_meandiff_vs_ref": -0.1337,
      "dm_p_vs_tweedie": 0.21618668524898865,
      "dm_meandiff_vs_tweedie": 0.0248,
      "picp95": 0.9394,
      "k_of_n": "124/132",
      "cp95ci": [
        0.884,
        0.973
      ],
      "peak_picp95": 0.87,
      "n_peak": 23,
      "last34_wis": 2.6229,
      "mean_w95": 21.336,
      "config": "regime_p1.4_w5_r2_k20",
      "family": "regime",
      "val_wis": 1.5668
    },
    {
      "wis": 2.2624,
      "dm_p_vs_ref": 7.264408144802559e-05,
      "dm_meandiff_vs_ref": -0.1388,
      "dm_p_vs_tweedie": 0.22260076463178313,
      "dm_meandiff_vs_tweedie": 0.0197,
      "picp95": 0.9394,
      "k_of_n": "124/132",
      "cp95ci": [
        0.884,
        0.973
      ],
      "peak_picp95": 0.87,
      "n_peak": 23,
      "last34_wis": 2.6236,
      "mean_w95": 20.481,
      "config": "regime_p1.4_w5_r2_k50",
      "family": "regime",
      "val_wis": 1.5568
    },
    {
      "wis": 2.2703,
      "dm_p_vs_ref": 0.001489409129534991,
      "dm_meandiff_vs_ref": -0.1308,
      "dm_p_vs_tweedie": 0.19001321257147197,
      "dm_meandiff_vs_tweedie": 0.0276,
      "picp95": 0.9167,
      "k_of_n": "121/132",
      "cp95ci": [
        0.856,
        0.958
      ],
      "peak_picp95": 0.87,
      "n_peak": 23,
      "last34_wis": 2.6436,
      "mean_w95": 20.56,
      "config": "regime_p1.4_w5_r3_k20",
      "family": "regime",
      "val_wis": 1.5677
    },
    {
      "wis": 2.263,
      "dm_p_vs_ref": 0.00016935034296672313,
      "dm_meandiff_vs_ref": -0.1382,
      "dm_p_vs_tweedie": 0.15846176980570426,
      "dm_meandiff_vs_tweedie": 0.0203,
      "picp95": 0.9167,
      "k_of_n": "121/132",
      "cp95ci": [
        0.856,
        0.958
      ],
      "peak_picp95": 0.87,
      "n_peak": 23,
      "last34_wis": 2.6435,
      "mean_w95": 19.994,
      "config": "regime_p1.4_w5_r3_k50",
      "family": "regime",
      "val_wis": 1.5553
    },
    {
      "wis": 2.2533,
      "dm_p_vs_ref": 0.00035203037484143884,
      "dm_meandiff_vs_ref": -0.1479,
      "dm_p_vs_tweedie": 0.640828024424972,
      "dm_meandiff_vs_tweedie": 0.0106,
      "picp95": 0.9167,
      "k_of_n": "121/132",
      "cp95ci": [
        0.856,
        0.958
      ],
      "peak_picp95": 0.826,
      "n_peak": 23,
      "last34_wis": 2.6235,
      "mean_w95": 19.202,
      "config": "regime_p1.5_w3_r2_k20",
      "family": "regime",
      "val_wis": 1.5781
    },
    {
      "wis": 2.2495,
      "dm_p_vs_ref": 9.918655322582737e-05,
      "dm_meandiff_vs_ref": -0.1517,
      "dm_p_vs_tweedie": 0.7029896624016787,
      "dm_meandiff_vs_tweedie": 0.0068,
      "picp95": 0.9318,
      "k_of_n": "123/132",
      "cp95ci": [
        0.875,
        0.968
      ],
      "peak_picp95": 0.87,
      "n_peak": 23,
      "last34_wis": 2.6265,
      "mean_w95": 18.753,
      "config": "regime_p1.5_w3_r2_k50",
      "family": "regime",
      "val_wis": 1.562
    },
    {
      "wis": 2.2553,
      "dm_p_vs_ref": 0.0008967090602347572,
      "dm_meandiff_vs_ref": -0.1459,
      "dm_p_vs_tweedie": 0.5727505335476701,
      "dm_meandiff_vs_tweedie": 0.0126,