{
  "reference_wis_indep": 2.4012,
  "p_star": 1.5,
  "p_scores": {
    "1.1": 1.58,
    "1.2": 1.5665,
    "1.3": 1.5521,
    "1.4": 1.5401,
    "1.5": 1.536,
    "1.6": 1.5407
  },
  "wis_indep_vs_pipeline_maxdiff": 0.0,
  "standalones": {
    "tweedie": {
      "wis": 2.2427,
      "dm_p": 3.353596273569792e-06,
      "dm_meandiff": -0.1585,
      "picp95": 0.9318,
      "k": 123,
      "n": 132,
      "cp95": [
        0.8745,
        0.9684
      ],
      "last34": 2.6491,
      "peak_picp95": 0.8696,
      "n_peak": 23
    },
    "spci": {
      "wis": 2.3449,
      "dm_p": 0.010397908547008283,
      "dm_meandiff": -0.0563,
      "picp95": 0.9545,
      "k": 126,
      "n": 132,
      "cp95": [
        0.9037,
        0.9831
      ],
      "last34": 2.6772,
      "peak_picp95": 0.7826,
      "n_peak": 23
    }
  },
  "combo": {
    "wis": 2.2345,
    "dm_p": 4.271800485788901e-06,
    "dm_meandiff": -0.1666,
    "picp95": 0.9394,
    "k": 124,
    "n": 132,
    "cp95": [
      0.8841,
      0.9735
    ],
    "last34": 2.6137,
    "peak_picp95": 0.8696,
    "n_peak": 23
  },
  "combo_train_cap_wis": 2.2343,
  "reproduce_ok": true,
  "leak_audit": {
    "260": {
      "first_change": 261,
      "expected": 261,
      "n_changed": 76,
      "ok": true,
      "pre_bitidentical": true
    },
    "336": {
      "first_change": null,
      "expected": null,
      "n_changed": 0,
      "ok": true,
      "pre_bitidentical": true
    }
  },
  "selection_invariant": true,
  "dm": {
    "combo_vs_ref_hln": 4.271800485788901e-06,
    "combo_vs_ref_boot": {
      "1": 0.0,
      "4": 0.0,
      "8": 0.0,
      "12": 0.0
    },
    "combo_vs_tweedie_hln": 0.5179213969245928,
    "combo_vs_tweedie_meandiff": -0.00817474055569164,
    "combo_vs_tweedie_boot": {
      "1": 0.475,
      "4": 0.5188,
      "8": 0.528,
      "12": 0.5168
    },
    "combo_vs_spci_hln": 0.00012762664732379747,
    "combo_vs_spci_meandiff": -0.11039014745976115,
    "combo_vs_spci_boot": {
      "1": 0.0,
      "4": 0.0,
      "8": 0.0,
      "12": 0.0
    }
  },
  "verdict": {
    "reproduce_ok": true,
    "leak_free": true,
    "dm_vs_ref_robust": true,
    "combo_wis_le_tweedie": true,
    "combo_wis_lt_spci": true,
    "tie_vs_tweedie": true,
    "decisive_vs_spci": true,
    "combo_peak_better_than_both": false,
    "genuine_dominance_over_both": false
  },
  "elapsed_sec": 180.4
}