{
  "phase_id": 7,
  "phase_tag": "wfcv",
  "n_weeks": 337,
  "n_models": 5,
  "per_model": {
    "SVR-Linear": {
      "r2": 0.9168063193137324,
      "mae": 2.5415685558174586,
      "rmse": 4.947764246236417,
      "mape_pct": 14.950677940771865,
      "n_nan": 146,
      "nan_frac": 0.4332344213649852,
      "resid_acf_lag1": 0.25182363146391246
    },
    "ElasticNet": {
      "r2": 0.9188530133361236,
      "mae": 2.6568695924312387,
      "rmse": 4.88652389834566,
      "mape_pct": 21.346485792786705,
      "n_nan": 146,
      "nan_frac": 0.4332344213649852,
      "resid_acf_lag1": 0.25099929101275203
    },
    "KRR": {
      "r2": 0.5283298580973113,
      "mae": 5.704369189228136,
      "rmse": 11.781023464450087,
      "mape_pct": 28.607335135188443,
      "n_nan": 146,
      "nan_frac": 0.4332344213649852,
      "resid_acf_lag1": 0.8618432402150658
    },
    "RandomForest": {
      "r2": 0.870073308834884,
      "mae": 2.986132821841911,
      "rmse": 6.183196062077222,
      "mape_pct": 15.586211654850125,
      "n_nan": 146,
      "nan_frac": 0.4332344213649852,
      "resid_acf_lag1": 0.641793116817952
    },
    "XGBoost": {
      "r2": 0.8606554501709444,
      "mae": 3.0826707885794966,
      "rmse": 6.403373316342651,
      "mape_pct": 17.613790305405573,
      "n_nan": 146,
      "nan_frac": 0.4332344213649852,
      "resid_acf_lag1": 0.7081096254185822
    }
  },
  "holdout_start": 311
}